ID,Stad,Locatie,URL,Aanpak,Nieuwe title tag,Len,Nieuwe meta description,Len,Nieuwe H1,H2-structuur,Bodytekst ( = H2),Alt-tekst foto 1,Alt-tekst foto 2,FAQ's (voor FAQPage-schema),Interne links toevoegen,Woorden body,Woorden totaal,Let op / te controleren
123,Almere,Parking P1 Carlton WTC,https://parkingyou.nl/nl/locaties/parking-p1-carlton-wtc/id=123,"Almere centrum, kort parkeren",Parkeren P1 Carlton WTC Almere centrum \,ParkingYou,51,"Overdekt parkeren aan de P.J. Oudweg in Almere, vier minuten van het centrum. € 1 per 20 minuten, direct inrijden zonder reserveren, 24 uur per dag open.",153,Parkeren bij P1 Carlton WTC in het centrum van Almere,"Handig voor kort parkeren Vier minuten van het centrum Direct inrijden, 24 uur per dag Abonnement en alternatief voor een hele dag","Handig voor kort parkeren Parking P1 Carlton WTC aan de P.J. Oudweg 102 in Almere is de garage om te kiezen als je een paar uur in het centrum moet zijn. Je betaalt € 1,00 per 20 minuten, dus voor een afspraak, een boodschap of een lunch is dit een prettige, centrale plek.  Je staat overdekt, er is een lift en je kunt direct inrijden — reserveren is niet nodig. Betalen kan met pin en creditcard.   Vier minuten van het centrum Vanaf de garage loop je in vier minuten naar het centrum van Almere, met het stadshart, de winkels en de horeca. Ook station Almere Centrum ligt op korte afstand, dus je kunt hier je auto neerzetten en met de trein verder.   Direct inrijden, 24 uur per dag In- en uitrijden kan de klok rond, zeven dagen per week. Je hoeft niets vooraf te regelen: rijd naar de slagboom, je kenteken wordt herkend en je rijdt naar binnen.   Abonnement en alternatief voor een hele dag Voor kantoorgebruik is er een abonnement van € 186,50 per maand, inclusief € 5 servicekosten. Werk je in het WTC-gebied en sta je er dagelijks, dan is dat vrijwel altijd voordeliger dan losse dagen.  Blijf je een hele dag maar heb je geen abonnement? Kijk dan naar Parking P2 Mandela WTC om de hoek. Daar is het maximumdagtarief € 6, terwijl het dagtarief hier € 30 bedraagt. Voor kort parkeren is P1 de handigste keuze; voor een hele dag is P2 aanzienlijk voordeliger.",Ingang van parkeergarage P1 Carlton WTC aan de P.J. Oudweg in Almere,Overdekte parkeergarage met lift bij het WTC in het centrum van Almere,"V: Wat kost kort parkeren? A: € 1,00 per 20 minuten. Voor een hele dag geldt een dagtarief van € 30 — dan is Parking P2 Mandela WTC met € 6 per dag voordeliger.  V: Moet ik vooraf reserveren? A: Nee, je kunt direct inrijden.  V: Hoe ver is het lopen naar het centrum? A: Ongeveer vier minuten.  V: Welke garage kies ik voor een hele dag? A: Parking P2 Mandela WTC om de hoek, met een dagtarief van € 6.",Stadspagina Parkeren Almere Parking P2 Mandela WTC Abonnementen,225,298
125,Almere,Parking P2 Mandela WTC,https://parkingyou.nl/nl/locaties/parking-p2-mandela-wtc/id=125,"Almere centrum, zeer laag dagtarief",Parkeren centrum Almere voor € 6 per dag \,ParkingYou,53,"Overdekt parkeren aan de Mandelastraat in Almere, vier minuten van het centrum. Maximaal € 6 per dag — een van onze laagste dagtarieven. 24 uur per dag open.",157,Parkeren bij P2 Mandela WTC in het centrum van Almere,"Zes euro voor een hele dag Vier minuten van het centrum Dag en nacht open, met lift Abonnementen","Zes euro voor een hele dag Parking P2 Mandela WTC aan de Mandelastraat 2 in Almere heeft een van de laagste dagtarieven van al onze locaties: € 6 voor een hele dag. Je betaalt € 1,00 per 20 minuten, dus na twee uur zit je al op het dagtarief en daarna loopt de teller niet verder op.  Voor wie een dag in het centrum van Almere moet zijn — shoppen, werken, een afspraak — is dat een aanzienlijk verschil met de garage ernaast: bij P1 Carlton WTC is het dagtarief € 30. Wil je een hele dag staan, dan is P2 dus de garage die je moet hebben.   Vier minuten van het centrum Je loopt vanaf de garage in vier minuten naar het centrum van Almere, met het stadshart, de winkels en de horeca. Almere Centrum ligt op korte afstand, dus je kunt hier ook je auto neerzetten en met de trein doorreizen.   Dag en nacht open, met lift In- en uitrijden kan 24 uur per dag, zeven dagen per week. De garage is overdekt en heeft een lift, wat prettig is als je met boodschappen of bagage loopt. Betalen kan met pin en creditcard, en je kunt direct inrijden: reserveren is niet nodig.   Abonnementen Voor wie hier vast staat zijn er twee abonnementen. Een 24/7-abonnement kost € 225 per maand. Voor kantoorgebruik is er een abonnement van € 186,50 per maand, inclusief € 5 servicekosten. De minimale looptijd is drie maanden bij een opzegtermijn van één maand.  Werk je in het WTC-gebied en sta je er vijf dagen per week? Reken dan even door: met het dagtarief van € 6 kom je op ongeveer € 130 per maand, dus een abonnement is vooral interessant als je ook 's avonds en in het weekend een plek wilt.",Ingang van parkeergarage P2 Mandela WTC aan de Mandelastraat in Almere,Overdekte parkeergarage met lift in het centrum van Almere,"V: Wat kost een dag parkeren in het centrum van Almere? A: Bij P2 Mandela WTC betaal je maximaal € 6 per dag. Je tarief is € 1,00 per 20 minuten tot je het dagtarief bereikt.  V: Moet ik reserveren? A: Nee, je kunt direct inrijden. Je kenteken wordt bij de slagboom herkend.  V: Hoe ver is het lopen naar het centrum? A: Ongeveer vier minuten.  V: Is de garage 's nachts open? A: Ja, in- en uitrijden kan 24 uur per dag, zeven dagen per week.",Stadspagina Parkeren Almere Parking P1 Carlton WTC Abonnementen,278,357
67,Amsterdam,Amsterdam Parking B2,https://parkingyou.nl/nl/locaties/amsterdam-parking-b2/id=67,Abonnement + aangemelde bezoekers,"Parkeerplaats huren B. Amsterdam B2, Nieuw-West \",ParkingYou,60,"Overdekte vaste parkeerplaats bij B. Amsterdam B2 aan het John M. Keynesplein. Voor abonnees en vooraf aangemelde bezoekers. Vanaf € 238,97 per maand.",150,Vaste parkeerplaats bij B. Amsterdam B2 in Nieuw-West,Voor abonnees en aangemelde bezoekers Wat het kost Praktische informatie Liever gewoon een dagje parkeren?,"Voor abonnees en aangemelde bezoekers Amsterdam Parking B2 ligt aan het John M. Keynesplein 12-46 in Amsterdam Nieuw-West, op het terrein van B. Amsterdam. Deze garage werkt anders dan de meeste van onze locaties: de garage zelf is bedoeld voor abonnees, en het bezoekersgedeelte is alleen toegankelijk voor bezoekers die vooraf zijn aangemeld. Kom je onaangekondigd langs, dan kun je hier niet naar binnen.  Voor bedrijven in het B. Amsterdam-complex is dat juist praktisch: je meldt je gasten vooraf aan en zij rijden bij aankomst zonder gedoe naar binnen, terwijl de garage niet volloopt met parkeerders die er niets te zoeken hebben.   Wat het kost Een 24/7-abonnement kost € 238,97 per maand. Inclusief € 5 servicekosten kom je op € 246,86 per maand. Daarvoor rijd je onbeperkt in en uit met je eigen toegangsmiddel. De minimale looptijd is drie maanden bij een opzegtermijn van één maand; eenmalig betaal je administratiekosten en een bedrag voor je pas of tag.   Praktische informatie De garage heeft 107 plaatsen en is overdekt. Er is camerabewaking en de garage is toegankelijk voor rolstoelgebruikers. De doorrijhoogte is 2,00 meter, dus met een hoge bestelbus of een dakkoffer kom je er niet in. In- en uitrijden kan 24 uur per dag, zeven dagen per week.  Je vindt de garage op hetzelfde bedrijventerrein als de B. Buildings B1 en B3, met snelle aansluiting op de A10 en de A4.   Liever gewoon een dagje parkeren? Wil je in dit deel van Amsterdam per uur of per dag parkeren zonder abonnement of aanmelding, dan is Parking B. Amsterdam (B1) aan de Johan Huizingalaan de plek: daar rijd je direct in en betaal je maximaal € 15 per dag.",Ingang van parkeergarage B2 bij B. Amsterdam aan het John M. Keynesplein,Overdekte parkeergarage voor abonnees bij B. Amsterdam B2 in Nieuw-West,"V: Kan ik hier als bezoeker parkeren? A: Alleen als je vooraf bent aangemeld. De garage zelf is voor abonnees; het bezoekersgedeelte werkt op aanmelding.  V: Wat kost een abonnement? A: € 238,97 per maand, of € 246,86 inclusief € 5 servicekosten.  V: Wat is de doorrijhoogte? A: 2,00 meter. Rijd je hoger, gebruik dan Parking B. Amsterdam (B1) met 2,40 meter.  V: Waar kan ik in de buurt zonder aanmelding parkeren? A: Bij Parking B. Amsterdam (B1) aan de Johan Huizingalaan. Daar rijd je direct in en betaal je maximaal € 15 per dag.",Parking B. Amsterdam (B1) Abonnementen Stadspagina Parkeren Amsterdam,264,351
23,Amsterdam,Parking B. Amsterdam (B1),https://parkingyou.nl/nl/locaties/parking-b-amsterdam-b1/id=23,"Nieuw-West, grote garage, laag dagtarief",Parkeren Amsterdam Nieuw-West: € 15 per dag \,ParkingYou,56,853 overdekte plaatsen bij B. Amsterdam aan de Johan Huizingalaan. Maximaal € 15 per dag — een van de voordeligste garages van Amsterdam. Direct inrijden.,154,Parkeren bij B. Amsterdam aan de Johan Huizingalaan,"853 plaatsen en maximaal € 15 per dag Ruimte voor hoge auto's Direct inrijden, geen reservering nodig Praktische informatie en omgeving","853 plaatsen en maximaal € 15 per dag Parking B. Amsterdam is onze grootste locatie in Amsterdam: 853 overdekte plaatsen aan de Johan Huizingalaan 763A in Nieuw-West. Je betaalt € 2,50 per uur met een maximum van € 15 per dag. Voor Amsterdamse begrippen is dat opvallend laag — in de binnenstad ben je dat bedrag na een paar uur al kwijt.  Die combinatie van omvang en tarief maakt deze garage geschikt voor twee heel verschillende soorten bezoek. Kom je voor een van de bedrijven in het B. Amsterdam Business Park, dan sta je pal naast de deur. Kom je naar Amsterdam als bezoeker, dan is dit een goede plek om je auto voor de dag neer te zetten en met het openbaar vervoer de stad in te gaan.   Ruimte voor hoge auto's Met een doorrijhoogte van 2,40 meter is dit een van de ruimste garages die we in Amsterdam hebben. Bestelbussen, hoge SUV's en auto's met dakkoffer of fietsendrager passen hier zonder gepuzzel naar binnen — iets wat in Amsterdam bepaald niet overal lukt.  De garage heeft camerabewaking en laadpunten voor elektrische auto's. Betalen kan met pin.   Direct inrijden, geen reservering nodig Bij deze locatie kun je direct inrijden: je hoeft niet vooraf te reserveren. Rijd naar de slagboom, je kenteken wordt herkend en je rijdt naar binnen. Ben je een bedrijf dat parkeren voor bezoekers of medewerkers wil regelen, dan kun je waardekaarten bestellen via ons kantoor. Voor een vaste plek is er een 24/7-abonnement van € 195,67 per maand, inclusief € 5 servicekosten.   Praktische informatie en omgeving Je vindt de garage aan de Johan Huizingalaan, tussen Amsterdam Nieuw-West en Sloten, met snelle aansluiting op de A10 en de A4. De B. Buildings B1, B2 en B3 liggen op hetzelfde terrein.",Ingang van parkeergarage B. Amsterdam aan de Johan Huizingalaan in Amsterdam Nieuw-West,Overdekte parkeergarage met 853 plaatsen bij B. Amsterdam Business Park,"V: Wat kost een dag parkeren? A: Je betaalt € 2,50 per uur met een maximum van € 15 per dag.  V: Moet ik vooraf reserveren? A: Nee, bij deze garage kun je direct inrijden. Je kenteken wordt bij de slagboom herkend.  V: Wat is de doorrijhoogte? A: 2,40 meter, wat deze garage geschikt maakt voor bestelbussen, hoge SUV's en auto's met dakkoffer.  V: Kan ik parkeren voor mijn bezoekers regelen? A: Ja, bedrijven kunnen waardekaarten bestellen. Neem daarvoor contact met ons op.",Stadspagina Parkeren Amsterdam Amsterdam Parking B2 Zakelijk: waardekaarten,274,349
21,Amsterdam,Parking Bos en Lommerplantsoen,https://parkingyou.nl/nl/locaties/parking-bos-en-lommerplantsoen/id=21,"Bos en Lommer, tram naar centrum",Parkeren Bos en Lommer vanaf € 14 per dag \,ParkingYou,54,"Parkeren aan het Bos en Lommerplantsoen in Amsterdam-West. Met de tram in 15 minuten in het centrum, zonder overstappen. Dagkaart vanaf € 14.",141,Parkeren aan het Bos en Lommerplantsoen in Amsterdam-West,Met de tram in een kwartier in het centrum Tarieven en ParkingPass Abonnementen voor bewoners en kantoren In de buurt,"Met de tram in een kwartier in het centrum Parking Bos en Lommerplantsoen ligt aan het Bos en Lommerplantsoen 1 in Amsterdam-West. De grote troef van deze locatie is de verbinding: vanaf hier sta je met de tram in ongeveer vijftien minuten in het centrum van Amsterdam, zonder overstappen. Je auto laten staan en de laatste kilometers met het openbaar vervoer doen is hier dus geen omweg, maar de snelste route.  De parking heeft 168 plaatsen, camerabewaking, laadpunten voor elektrische auto's en is toegankelijk voor rolstoelgebruikers. In- en uitrijden kan 24 uur per dag.   Tarieven en ParkingPass Je betaalt € 2,50 per 30 minuten. Voor een hele dag is de dagkaart voordeliger: € 17,50 zonder reservering, € 16 met reservering en € 14 als je ruim vooraf boekt. Kom je hier regelmatig, dan haal je met een ParkingPass tien dagen voor € 150 of vijfentwintig dagen voor € 350 — dat laatste komt uit op € 14 per dag.  Reserveren doe je online en werkt op kenteken.   Abonnementen voor bewoners en kantoren Voor wie hier structureel staat zijn er verschillende abonnementen. Bewoners van het appartementencomplex aan het Bos en Lommerplantsoen betalen € 195 per maand. Woon je daar niet, dan is het 24/7-tarief € 305 per maand. Voor kantoorgebruik is er een abonnement van € 247 per maand, en wie alleen 's avonds en in het weekend een plek nodig heeft betaalt € 205 per maand.  Let op: het bewonersabonnement is uitsluitend beschikbaar voor bewoners van het complex aan het Bos en Lommerplantsoen zelf.   In de buurt Bos en Lommer is de laatste jaren een van de levendigste buurten van Amsterdam-West geworden, met veel horeca in de omgeving. Het Erasmuspark ligt om de hoek, De Hallen in de Oud-West bereik je met de tram in een paar minuten, en ook het Vondelpark en de Sloterplas zijn snel te bereiken.",Ingang van Parking Bos en Lommerplantsoen in Amsterdam-West,Parkeerplaatsen met laadpunt aan het Bos en Lommerplantsoen in Amsterdam,"V: Hoe kom ik vanaf hier in het centrum? A: Met de tram sta je in ongeveer vijftien minuten in het centrum van Amsterdam, zonder overstappen.  V: Wat kost een dagkaart? A: € 17,50 zonder reservering, € 16 met reservering en € 14 als je ruim vooraf boekt.  V: Wie komt in aanmerking voor het bewonersabonnement? A: Alleen bewoners van het appartementencomplex aan het Bos en Lommerplantsoen. Andere bewoners van de buurt kunnen het 24/7-abonnement afnemen.  V: Kan ik hier elektrisch laden? A: Ja, er zijn laadpunten voor elektrische auto's aanwezig.",Stadspagina Parkeren Amsterdam ParkingPass Abonnementen,290,373
27,Amsterdam,Parking Cruquius,https://parkingyou.nl/nl/locaties/parking-cruquius/id=27,"The Harbour Club / Cruquius-eiland, hoge doorrijhoogte",Parkeren bij The Harbour Club Amsterdam \,ParkingYou,52,"Overdekt parkeren op het Cruquius-eiland in Amsterdam-Oost, één minuut van The Harbour Club. Doorrijhoogte 2,70 m en dagkaart vanaf € 17,50 bij vroeg boeken.",157,Parkeren bij The Harbour Club op het Cruquius-eiland,Eén minuut van The Harbour Club Ruim genoeg voor hoge auto's Tarieven: 's avonds en op zondag goedkoper Praktische informatie en omgeving,"Eén minuut van The Harbour Club Parking Cruquius ligt aan de Zeeburgerkade 830 op het Cruquius-eiland, in Amsterdam-Oost. Ga je uit eten of naar een evenement bij The Harbour Club of The Harbour Club Theater, dan sta je hier op één minuut lopen van de deur. Ook Museum Perron Oost en de Entrepothaven liggen om de hoek.  De garage heeft 177 plaatsen, is overdekt en beschikt over camerabewaking, een lift en toegang voor rolstoelgebruikers. In- en uitrijden kan 24 uur per dag.   Ruim genoeg voor hoge auto's Op de bovenste niveaus is de doorrijhoogte 2,70 meter — uitzonderlijk ruim voor een Amsterdamse garage. Rijd je een bestelbus, een hoge SUV of een auto met dakkoffer, dan kun je hier zonder problemen naar binnen. Let op: op niveau -2 is de doorrijhoogte 2,14 meter, dus houd bij het afdalen de borden in de gaten.   Tarieven: 's avonds en op zondag goedkoper Van maandag tot en met zaterdag betaal je tussen 09.00 en 21.00 uur € 2,60 per 30 minuten. Buiten die uren, dus tussen 21.00 en 09.00, en op zondag de hele dag, is dat € 1,30 per 30 minuten — precies de helft. Kom je 's avonds uit eten, dan werkt dat flink in je voordeel.  Voor een hele dag is er een dagkaart: € 25 zonder reservering, € 22,50 met reservering en € 17,50 als je ruim vooraf boekt. Sta je hier vaker, dan kost een ParkingPass tien dagen € 190 of vijfentwintig dagen € 450. Abonnementen lopen van € 205 per maand (avond en weekend) tot € 345 per maand (24/7).   Praktische informatie en omgeving Met het openbaar vervoer sta je binnen 25 minuten op Amsterdam Centraal, dus je kunt hier je auto neerzetten en verder de stad in. Reserveren doe je online; bij aankomst wordt je kenteken herkend.",Ingang van parkeergarage Cruquius aan de Zeeburgerkade in Amsterdam-Oost,Overdekte parkeergarage Cruquius op één minuut lopen van The Harbour Club in Amsterdam,"V: Hoe ver is het lopen naar The Harbour Club? A: Ongeveer één minuut. De garage ligt vlak naast The Harbour Club en het Harbour Club Theater.  V: Wat is de doorrijhoogte? A: 2,70 meter op de bovenste niveaus. Op niveau -2 is dat 2,14 meter.  V: Is parkeren op zondag goedkoper? A: Ja. Op zondag geldt de hele dag het lage tarief van € 1,30 per 30 minuten, net als op andere dagen tussen 21.00 en 09.00 uur.  V: Hoe kom ik vanaf hier in het centrum? A: Met het openbaar vervoer sta je binnen 25 minuten op Amsterdam Centraal.",Stadspagina Parkeren Amsterdam Parking Zeeburgerkade ParkingPass,279,372
35,Amsterdam,Parking Plantage,https://parkingyou.nl/nl/locaties/parking-plantage/id=35,Attractie: Artis en Hortus,Parkeren bij Artis Amsterdam vanaf € 15 \,ParkingYou,52,"Parkeren direct naast Artis aan de Plantage Kerklaan in Amsterdam. Dagkaart € 17,50 voor Artis-bezoekers, € 15 voor leden. 483 plaatsen, gratis luchtpomp.",154,Parkeren bij Artis aan de Plantage Kerklaan,Direct naast de ingang van Artis Speciaal tarief voor Artis-bezoekers Tarieven voor overige bezoekers Praktische informatie en omgeving,"Direct naast de ingang van Artis Ga je met het gezin naar Artis? Dan is Parking Plantage de plek waar je wilt staan: het terrein aan de Plantage Kerklaan 38-40 ligt direct naast de dierentuin. Je parkeert, loopt naar de ingang en bent binnen. Geen zoektocht door de Plantagebuurt, geen parkeerapp die de hele dag doorloopt.  Met 483 plaatsen is dit een van onze grootste locaties in Amsterdam, dus ook op een zonnige zaterdag is er ruimte. De parking is 24 uur per dag open, heeft laadpunten voor elektrische auto's, camerabewaking en is toegankelijk voor rolstoelgebruikers. Handig detail voor wie met een volle auto op vakantie gaat: je mag hier gratis gebruikmaken van de luchtpomp.   Speciaal tarief voor Artis-bezoekers Bezoek je Artis, dan geldt een aparte dagkaart van € 17,50 — flink onder het reguliere dagtarief in deze buurt. Ben je Artis-lid, dan betaal je € 15 voor een hele dag. Voor leden die er vaak komen is er zelfs een maandabonnement van € 230, wat neerkomt op minder dan een tientje per bezoek als je twee keer per week gaat.   Tarieven voor overige bezoekers Kom je voor iets anders in de Plantagebuurt, dan betaal je € 6,98 per uur. Voor een dag tussen 09.00 en 18.00 uur is er een dagkaart van € 45 zonder reservering, € 42 met reservering en € 30 als je ruim vooraf boekt. Kom je 's avonds, dan is het een stuk goedkoper: tussen 18.00 en 09.00 uur betaal je € 22.  Parkeer je hier regelmatig? Met een ParkingPass haal je tien dagen voor € 350 of vijfentwintig dagen voor € 750. Voor vaste plekken zijn er abonnementen van € 355 per maand (kantoor) tot € 455 per maand (24/7).   Praktische informatie en omgeving Naast Artis liggen ook de Hortus Botanicus en de Plantage Middenlaan op loopafstand. Met de tram sta je in ongeveer tien minuten in het centrum van Amsterdam, dus je kunt hier prima je auto laten staan en de rest van de dag de stad in. Reserveren doe je online en werkt op kenteken.",Parkeerterrein Plantage aan de Plantage Kerklaan direct naast Artis in Amsterdam,Laadpunten voor elektrische auto's op Parking Plantage bij Artis in Amsterdam,"V: Wat kost parkeren bij Artis? A: Artis-bezoekers betalen € 17,50 voor een dagkaart. Ben je Artis-lid, dan is dat € 15. Overige bezoekers betalen het reguliere tarief.  V: Hoe ver is het lopen naar de ingang van Artis? A: De parking ligt direct naast Artis, dus je staat vrijwel meteen bij de ingang.  V: Is er 's avonds een goedkoper tarief? A: Ja. Tussen 18.00 en 09.00 uur betaal je € 22 in plaats van het dagtarief.  V: Kan ik hier mijn autoban­den oppompen? A: Ja, op de locatie mag je gratis gebruikmaken van de luchtpomp.",Stadspagina Parkeren Amsterdam ParkingPass Abonnementen,327,416
45,Amsterdam,Parking Zeeburgerkade,https://parkingyou.nl/nl/locaties/parking-zeeburgerkade/id=45,"Amsterdam-Oost, uitgebreide voorzieningen","Parkeren Amsterdam-Oost vanaf € 17,50 \",ParkingYou,50,"Overdekt parkeren aan de Wijnsilostraat in Amsterdam-Oost, naast The Harbour Club. Laadpunt, lift en AED aanwezig. Dagkaart vanaf € 17,50, 120 plaatsen.",152,Parkeren aan de Zeeburgerkade in Amsterdam-Oost,Overdekt parkeren in Amsterdam-Oost Goed geregeld tot in de details Tarieven en abonnementen Zo kom je in het centrum,"Overdekt parkeren in Amsterdam-Oost Parking Zeeburgerkade ligt aan de Wijnsilostraat 2, in de wijk Zeeburg in Amsterdam-Oost. Je staat hier op ongeveer 4,5 kilometer van de Dam: te ver om te lopen, maar precies ver genoeg om buiten de dure binnenstadszone te blijven. The Harbour Club ligt op korte afstand, wat deze garage populair maakt bij wie daar gaat eten.  De garage heeft 120 plaatsen en is volledig overdekt, dus je auto staat droog en uit de zon. In- en uitrijden kan 24 uur per dag.   Goed geregeld tot in de details Dit is een van onze best uitgeruste locaties. Er is camerabewaking, een lift, toegang voor rolstoelgebruikers en er zijn laadpunten voor elektrische auto's. Bijzonder: in de garage hangt een AED, een hartdefibrillator. Dat zie je in Amsterdamse parkeergarages niet vaak, en het zegt iets over hoe deze locatie is ingericht.  De doorrijhoogte is 2,10 meter. Rijd je hoger, kijk dan naar Parking Cruquius om de hoek: daar is 2,70 meter mogelijk.   Tarieven en abonnementen Op werkdagen betaal je tussen 09.00 en 21.00 uur € 2,60 per 30 minuten. Tussen 21.00 en 09.00 uur, en op zondag de hele dag, is dat € 1,30 per 30 minuten. Voor een hele dag kost een dagkaart € 25 zonder reservering, € 22,50 met reservering en € 17,50 bij vroeg boeken.  Kom je hier vaker? Een ParkingPass kost € 190 voor tien dagen of € 450 voor vijfentwintig dagen. Er zijn abonnementen van € 245 per maand (kantoor) en € 345 per maand (24/7).   Zo kom je in het centrum Met de bus sta je binnen een half uur op Amsterdam Centraal. Veel bezoekers zetten hier hun auto neer en doen de binnenstad met het openbaar vervoer of de fiets — dat is sneller en aanzienlijk goedkoper dan doorrijden naar het centrum.",Ingang van parkeergarage Zeeburgerkade aan de Wijnsilostraat in Amsterdam-Oost,Overdekte parkeerplaatsen met laadpunt in parkeergarage Zeeburgerkade in Amsterdam,"V: Wat is de doorrijhoogte? A: 2,10 meter. Rijd je een hogere auto, dan kun je bij Parking Cruquius in de buurt terecht met 2,70 meter.  V: Hoe ver is het naar het centrum van Amsterdam? A: Ongeveer 4,5 kilometer tot de Dam. Met de bus sta je binnen een half uur op Amsterdam Centraal.  V: Wat kost een dagkaart? A: € 25 zonder reservering, € 22,50 met reservering en € 17,50 als je ruim vooraf boekt.  V: Is er een AED aanwezig? A: Ja, in de garage hangt een hartdefibrillator.",Stadspagina Parkeren Amsterdam Parking Cruquius ParkingPass,283,366
57,Den Haag,ParkingYou Stationsweg / Ypenburg,https://parkingyou.nl/nl/locaties/parkingyou-stationsweg-ypenburg/id=57,"Station Ypenburg + Pathé, hoge doorrijhoogte",Parkeren bij station Ypenburg Den Haag \,ParkingYou,51,"Parkeren direct naast station Ypenburg in Den Haag. Bioscoopbezoekers betalen € 4,75 voor vier uur. 425 plaatsen, laadpunt, doorrijhoogte 2,24 m.",145,Parkeren bij station Ypenburg en Pathé in Den Haag,Direct naast het station Speciaal bioscooptarief Ruim genoeg voor een hogere auto Openingstijden en abonnement,"Direct naast het station ParkingYou Stationsweg ligt aan de Monarchielaan 12 in Ypenburg, direct naast station Ypenburg. Dat maakt deze locatie interessant voor forenzen: zet je auto hier neer en stap in de trein richting Den Haag Centraal, Rotterdam of Delft. Je bespaart de rit door de stad en de parkeerkosten in het centrum van Den Haag, die aanzienlijk hoger liggen.  De parking heeft 425 plaatsen, camerabewaking, laadpunten voor elektrische auto's en is toegankelijk voor rolstoelgebruikers.   Speciaal bioscooptarief Naast het station zit een Pathé-bioscoop, en daarvoor geldt een apart tarief: voor de eerste vier uur betaal je € 4,75. Dat dekt een film met wat marge eromheen. Kom je voor iets anders, dan betaal je € 1,25 per 20 minuten met een maximumdagtarief van € 23.   Ruim genoeg voor een hogere auto De doorrijhoogte is 2,24 meter — ruim voor een garage bij een station. SUV's, hogere stationwagens en auto's met een dakkoffer of fietsendrager passen hier zonder problemen naar binnen. Dat is bepaald niet overal in de regio Den Haag het geval.   Openingstijden en abonnement Let op: deze parking is niet 24 uur per dag open. Je kunt hier terecht tussen 07.00 en 01.00 uur. Ga je met de trein op reis en kom je pas na 01.00 uur terug, dan kun je je auto pas de volgende ochtend om 07.00 uur ophalen — houd daar rekening mee bij late vluchten of verre reizen.  Voor wie hier structureel staat is er een abonnement van € 232 per maand, inclusief € 5 servicekosten. Reserveren doe je online en werkt op kenteken.",Parkeerlocatie aan de Monarchielaan direct naast station Ypenburg in Den Haag,Parkeerplaatsen met laadpunt bij station Ypenburg en de Pathé-bioscoop in Den Haag,"V: Wat kost parkeren als ik naar de bioscoop ga? A: Bioscoopbezoekers betalen € 4,75 voor de eerste vier uur.  V: Hoe ver is het lopen naar het station? A: De parking ligt direct naast station Ypenburg.  V: Tot hoe laat is de parking open? A: Van 07.00 tot 01.00 uur. Kom je later terug, dan kun je je auto vanaf 07.00 uur weer ophalen.  V: Wat is de doorrijhoogte? A: 2,24 meter — ruim genoeg voor SUV's en auto's met een dakkoffer.",Stadspagina Parkeren Den Haag Abonnementen ParkingYou P+R Schiedam Centrum,247,322
73,Dordrecht,Parking De Holland,https://parkingyou.nl/nl/locaties/parking-de-holland-/id=73,Abonnement — bij station Dordrecht,Parkeerplaats huren Dordrecht bij het station \,ParkingYou,58,"Vaste parkeerplaats aan de Kilwijkstraat in Dordrecht, zeven minuten lopen van Dordrecht Centraal. Vanaf € 85 per maand voor bewoners. Alleen voor abonnees.",156,Vaste parkeerplaats huren bij De Holland in Dordrecht,Zeven minuten van Dordrecht Centraal Bewoners betalen € 85 per maand Voorwaarden Alleen voor abonnees,"Zeven minuten van Dordrecht Centraal Parking De Holland ligt aan de Kilwijkstraat in Dordrecht, op zeven minuten lopen van Dordrecht Centraal. Dat maakt deze locatie interessant voor twee groepen: bewoners van de buurt rond het station, waar een vrije plek in de straat schaars is, en forenzen die hun auto bij het station willen laten staan en met de trein doorreizen naar Rotterdam, Breda of verder.  De locatie is 24 uur per dag toegankelijk en bereikbaar voor rolstoelgebruikers.   Bewoners betalen € 85 per maand Er zijn twee tarieven. Een 24/7-abonnement kost € 101,80 per maand. Woon je in de directe omgeving, dan is er een bewonerstarief van € 85 per maand. Dat is minder dan € 3 per dag voor een eigen plek, dag en nacht.  Zet dat naast wat het kost om dagelijks bij een station te parkeren of in een betaalde zone te staan, en de rekensom is snel gemaakt. Wil je weten of jouw adres in aanmerking komt voor het bewonerstarief? Neem contact met ons op.   Voorwaarden Je rijdt onbeperkt in en uit met je eigen toegangsmiddel. De minimale looptijd van een abonnement is drie maanden, met een opzegtermijn van één maand. Eenmalig betaal je administratiekosten en een bedrag voor je pas of tag. Een abonnement vraag je online aan.   Alleen voor abonnees Parking De Holland is uitsluitend toegankelijk voor abonnees; er is geen uur- of dagtarief. Kom je eenmalig naar Dordrecht, dan kun je hier dus niet terecht. Bekijk in dat geval het overzicht van onze locaties — in de regio Zuid-Holland hebben we onder andere garages in Rijswijk, Schiedam en Zoetermeer waar je per uur of per dag kunt parkeren.",Parkeerlocatie De Holland aan de Kilwijkstraat in Dordrecht,Vaste parkeerplaatsen voor abonnees op zeven minuten lopen van Dordrecht Centraal,"V: Wat kost een vaste parkeerplaats in Dordrecht? A: € 101,80 per maand voor een 24/7-abonnement. Bewoners van de directe omgeving betalen € 85 per maand.  V: Kan ik hier eenmalig parkeren? A: Nee, deze locatie is alleen toegankelijk voor abonnees. Er is geen uur- of dagtarief.  V: Hoe ver is het naar het station? A: Zeven minuten lopen naar Dordrecht Centraal.  V: Kom ik in aanmerking voor het bewonerstarief? A: Dat hangt af van je adres. Neem contact met ons op en we kijken het voor je na.",Abonnementen Stadspagina Regio Zuid-Holland Parking At the Park,260,341
61,Ede,ParkingYou Pathé Ede,https://parkingyou.nl/nl/locaties/parkingyou-pathe-ede-/id=61,"Pathé Ede, bij afrit A12","Parkeren Pathé Ede: bioscooptarief € 4,50 \",ParkingYou,54,"Parkeren direct naast Pathé Ede aan de Laan der Verenigde Naties, vlak bij afrit A12. Bioscoopbezoekers betalen € 4,50 voor vier uur. 425 plaatsen.",147,Parkeren bij Pathé Ede aan de Laan der Verenigde Naties,"Naast de bioscoop, vlak bij de A12 € 4,50 voor een filmbezoek Openingstijden: van 8.30 uur tot na de laatste film Goed om te weten","Naast de bioscoop, vlak bij de A12 ParkingYou Pathé Ede ligt aan de Laan der Verenigde Naties 150, direct naast de Pathé-bioscoop en Boules Bites Bar. De ligging is bijzonder praktisch: je zit hier vlak bij de afrit van de A12, dus je rijdt van de snelweg vrijwel rechtstreeks de parkeerplaats op. Geen zoektocht door Ede, geen omweg door het centrum.  De parking heeft 425 plaatsen, dus ook op een drukke vrijdag- of zaterdagavond is er ruimte.   € 4,50 voor een filmbezoek Ga je naar de film? Dan betaal je € 4,50 voor maximaal vier uur. Dat dekt een voorstelling met wat tijd eromheen voor een hapje of een drankje bij Boules Bites Bar naast de deur.  Blijf je langer of kom je voor iets anders, dan betaal je € 0,85 per 20 minuten, met een maximumdagtarief van € 17,50. Dat uurtarief is een van de laagste van al onze locaties.   Openingstijden: van 8.30 uur tot na de laatste film De parking is elke dag open van 8.30 uur tot na afloop van de laatste film. Dat is prettig geregeld: je hoeft niet te rekenen of je nog wegkomt na een late voorstelling, want de parking sluit pas als de bioscoop leeg is.   Goed om te weten Bij deze locatie is vooraf reserveren niet mogelijk. Je rijdt gewoon naar binnen en betaalt bij het uitrijden. Dat betekent ook dat je geen plek kunt vastleggen — kom je op een drukke avond, dan is iets eerder aanrijden verstandig.  Kom je vaker in de regio? In Nijmegen hebben we een vergelijkbare locatie naast Pathé Nijmegen en de Lentse Plas.",Parkeerterrein naast Pathé Ede aan de Laan der Verenigde Naties,"Parkeerplaats bij de bioscoop en Boules Bites Bar in Ede, vlak bij afrit A12","V: Wat kost parkeren bij Pathé Ede? A: Bioscoopbezoekers betalen € 4,50 voor maximaal vier uur. Daarbuiten geldt € 0,85 per 20 minuten met een maximum van € 17,50 per dag.  V: Kan ik vooraf een plek reserveren? A: Nee, bij deze locatie is reserveren niet mogelijk. Je rijdt direct in en betaalt bij het uitrijden.  V: Tot hoe laat is de parking open? A: Elke dag vanaf 8.30 uur tot na afloop van de laatste film.  V: Hoe rijd ik ernaartoe? A: De parking ligt vlak bij de afrit van de A12, aan de Laan der Verenigde Naties.",Stadspagina Regio Gelderland Parking Lentse plas Locaties,241,332
85,Eindhoven,Parking BD7,https://parkingyou.nl/nl/locaties/parking-bd7-/id=85,"Abonnement — Boschdijk, invalsweg noord",Parkeerplaats huren Boschdijk Eindhoven \,ParkingYou,52,"Vaste parkeerplaats aan de Boschdijk in Eindhoven voor € 90 per maand, 24/7 toegankelijk. Op een paar minuten van het centrum. Alleen voor abonnees.",148,Vaste parkeerplaats huren bij BD7 aan de Boschdijk,Aan de noordelijke invalsweg Voor wie is deze locatie? Tarief en voorwaarden Geen losse dagkaart,"Aan de noordelijke invalsweg Parking BD7 ligt aan de Boschdijk 7, de grote invalsweg die het noorden van Eindhoven met het centrum verbindt. Dat maakt deze locatie vooral interessant als je dagelijks de stad in en uit rijdt: je bent in een paar minuten in het centrum, maar je hoeft niet door de binnenstad te rijden om bij je auto te komen.  Voor € 90 per maand, inclusief € 5 servicekosten, heb je hier een eigen plek. De locatie is de klok rond toegankelijk en bereikbaar voor rolstoelgebruikers.   Voor wie is deze locatie? BD7 past goed bij bewoners van de omliggende straten in Woensel-Zuid en het Fellenoord-gebied, en bij mensen die in het noorden van het centrum werken. Ook forenzen die met de auto naar Eindhoven komen en verder willen met de fiets of het openbaar vervoer, zetten hun auto hier goedkoper neer dan in een garage in het hart van de stad.   Tarief en voorwaarden Het abonnement kost € 90 per maand, inclusief servicekosten. Je rijdt onbeperkt in en uit met je eigen toegangsmiddel. De minimale looptijd is drie maanden en de opzegtermijn één maand. Eenmalig betaal je administratiekosten en een bedrag voor je pas of tag.  Ter vergelijking: wie in een betaalde zone in Eindhoven dagelijks een paar uur parkeert, is per maand vaak twee tot drie keer dit bedrag kwijt — en heeft dan nog geen garantie op een plek.   Geen losse dagkaart Belangrijk: BD7 is alleen toegankelijk voor abonnees. Je kunt hier geen los uur of dagkaart parkeren. Kom je eenmalig naar Eindhoven, kijk dan bij onze publieke locaties, bijvoorbeeld het DLL-parkeerdek aan de Kanaalstraat of Parking Onyx bij het Victoriapark. Zoek je juist een vaste plek in een ander deel van de stad? Bekijk dan het complete overzicht van onze Eindhovense locaties.",Parkeerlocatie BD7 aan de Boschdijk in Eindhoven,Toegang tot de abonnementenparking BD7 aan de Boschdijk in Eindhoven,"V: Wat kost een vaste parkeerplaats bij BD7? A: € 90 per maand, inclusief € 5 servicekosten.  V: Kan ik hier eenmalig parkeren? A: Nee, BD7 is uitsluitend voor abonnees. Voor losse uren of dagkaarten kun je bij onze publieke garages in Eindhoven terecht.  V: Is de locatie 's nachts toegankelijk? A: Ja, je kunt 24 uur per dag, zeven dagen per week in- en uitrijden.  V: Hoe vraag ik een abonnement aan? A: Online via onze abonnementenpagina. Je kiest de locatie, vult je gegevens in en ontvangt daarna je toegangsmiddel.",Abonnementen Stadspagina Parkeren Eindhoven Parking City Tower,281,364
91,Eindhoven,Parking City Tower,https://parkingyou.nl/nl/locaties/parking-city-tower/id=91,"Abonnement — Woensel, bij Woenselse Markt",Parkeerplaats huren Woensel Eindhoven \,ParkingYou,50,"Overdekte vaste parkeerplaats bij City Tower in Woensel, Eindhoven. Dicht bij de Woenselse Markt, Centraal Station en het Beursgebouw. € 120 per maand.",151,Vaste parkeerplaats huren bij City Tower in Woensel,"Tussen de Woenselse Markt en het Centraal Station Overdekt parkeren, let op de hoogte Tarief en voorwaarden Alleen voor abonnees","Tussen de Woenselse Markt en het Centraal Station Parking City Tower ligt aan de Pastoor Petersstraat 178 in Woensel, het stadsdeel direct noordelijk van het Eindhovense centrum. Vanaf hier ben je snel bij de Woenselse Markt, en zowel Eindhoven Centraal als het Beursgebouw liggen op korte afstand. Dat maakt deze locatie handig voor twee groepen: bewoners van Woensel die 's avonds geen plek meer vinden, en mensen die in het centrum of bij het Beursgebouw werken en hun auto net buiten de drukste zone willen neerzetten.  Voor € 120 per maand, inclusief € 5 servicekosten, heb je hier een eigen overdekte plek.   Overdekt parkeren, let op de hoogte Je staat in een overdekte garage, dus droog en uit de zon. Wel is de doorrijhoogte hier 1,95 meter — de laagste van al onze Eindhovense locaties. Rijd je een hogere auto, een SUV of iets met een dakkoffer, kies dan een andere garage: het DLL-parkeerdek aan de Kanaalstraat heeft 2,50 meter en Parking Cornelis Paradise 2,33 meter.  In- en uitrijden kan 24 uur per dag, zeven dagen per week.   Tarief en voorwaarden Het abonnement kost € 120 per maand, inclusief servicekosten. Je rijdt onbeperkt in en uit met je eigen pas of tag. De minimale looptijd is drie maanden, met een opzegtermijn van één maand. Eenmalig betaal je administratiekosten en een bedrag voor het toegangsmiddel.   Alleen voor abonnees City Tower is niet bedoeld voor kort parkeren en kent geen uur- of dagtarief. Kom je een paar uur naar Eindhoven, kijk dan bij onze publieke locaties in het centrum. Zoek je een vaste plek elders in de stad? Aan de Boschdijk (€ 90) en de Beukenlaan (€ 85) zit je voordeliger, aan de Lichttoren (€ 205) centraler.",Ingang van parkeergarage City Tower aan de Pastoor Petersstraat in Eindhoven,Overdekte parkeergarage City Tower in het stadsdeel Woensel in Eindhoven,"V: Wat is de doorrijhoogte bij City Tower? A: 1,95 meter. Dat is de laagste van onze Eindhovense locaties — rijd je hoger, kies dan het DLL-parkeerdek (2,50 m) of Cornelis Paradise (2,33 m).  V: Wat kost een abonnement? A: € 120 per maand, inclusief € 5 servicekosten.  V: Wat ligt er in de buurt? A: De Woenselse Markt, Eindhoven Centraal en het Beursgebouw liggen op korte afstand.  V: Kan ik hier los parkeren? A: Nee, de garage is uitsluitend toegankelijk voor abonnees.",Abonnementen Parking BD7 Parking DLL parkeerdek (centrum),264,339
87,Eindhoven,Parking Cornelis Paradise,https://parkingyou.nl/nl/locaties/parking-cornelis-paradise/id=87,"Abonnement — hoge doorrijhoogte, laadpunt",Parkeerplaats huren Frederik van Eedenplein \,ParkingYou,56,"Overdekte vaste parkeerplaats aan het Frederik van Eedenplein in Eindhoven, met laadpunt en 2,33 m doorrijhoogte. € 135 per maand, 24/7 toegankelijk.",149,Vaste parkeerplaats huren bij Cornelis Paradise in het centrum,Ruimte voor een hogere auto Elektrisch laden bij je eigen plek Tarief en voorwaarden Alleen voor abonnees,"Ruimte voor een hogere auto Parking Cornelis Paradise ligt aan het Frederik van Eedenplein 1, aan de rand van het Eindhovense centrum en direct naast het Anne Frankplantsoen. Het Van Abbemuseum en de binnenstad liggen op loopafstand.  Wat deze garage onderscheidt van de meeste andere abonnementslocaties in het centrum is de doorrijhoogte: 2,33 meter. Rijd je een hogere auto, een SUV, een kleine bestelbus of een auto met dakdrager, dan is dit een van de weinige overdekte plekken in het centrum van Eindhoven waar je zonder gepuzzel naar binnen rijdt. Ter vergelijking: bij Parking City Tower is dat 1,95 meter en bij de Lichttoren 2,05 meter.   Elektrisch laden bij je eigen plek De garage is overdekt en beschikt over laadpunten voor elektrische auto's. Voor wie elektrisch rijdt en in of rond het centrum woont of werkt, betekent dat: 's nachts laden op een vaste plek in plaats van een publieke laadpaal zoeken. In- en uitrijden kan 24 uur per dag, zeven dagen per week.   Tarief en voorwaarden Het abonnement kost € 135 per maand, inclusief € 5 servicekosten. Je rijdt onbeperkt in en uit met je eigen pas of tag. De minimale looptijd is drie maanden, de opzegtermijn één maand. Eenmalig betaal je administratiekosten en een bedrag voor het toegangsmiddel.   Alleen voor abonnees Cornelis Paradise kent geen uur- of dagtarief en is uitsluitend voor abonnees. Wil je hier in de buurt kort parkeren, dan kun je terecht bij Parking TD-gebouw — dat op hetzelfde plein ligt en wél per uur en per dag te reserveren is.",Ingang van parkeergarage Cornelis Paradise aan het Frederik van Eedenplein in Eindhoven,Laadpunt voor elektrische auto's in parkeergarage Cornelis Paradise in Eindhoven,"V: Wat is de doorrijhoogte? A: 2,33 meter — een van de hoogste van onze centrumlocaties in Eindhoven, dus ook geschikt voor hogere auto's en kleine bestelbussen.  V: Kan ik hier elektrisch laden? A: Ja, de garage beschikt over laadpunten voor elektrische auto's.  V: Wat kost een abonnement? A: € 135 per maand, inclusief € 5 servicekosten.  V: Kan ik hier per uur parkeren? A: Nee, alleen abonnees kunnen hier terecht. Op hetzelfde plein ligt Parking TD-gebouw, waar je wel per uur of per dag kunt parkeren.",Abonnementen Parking TD-gebouw Stadspagina Parkeren Eindhoven,239,318
5,Eindhoven,Parking DLL (Garage),https://parkingyou.nl/nl/locaties/parking-dll-garage-centrum/id=5,Avond- en nachtgarage centrum,Parkeren centrum Eindhoven: DLL garage \,ParkingYou,51,"Vanaf 17.00 uur parkeren in de DLL-garage aan de Kanaalstraat, 4 minuten van het centrum van Eindhoven. Overdekt, laadpunt en vroegboektarief vanaf € 12.",153,Parkeren in de DLL-garage in het centrum van Eindhoven,Waarom deze garage Tarieven en reserveren Praktische informatie In de buurt,"Waarom deze garage Ga je 's avonds uit eten, naar de film of stap je een café in in het centrum van Eindhoven? Dan is de DLL-garage aan de Kanaalstraat een van de handigste plekken om je auto neer te zetten. Je staat er overdekt, op vier minuten lopen van het Stadhuisplein en de winkelstraten, en je betaalt een fractie van wat straatparkeren in het centrum kost.  De garage is er speciaal voor de avond en de nacht: van maandag tot en met vrijdag kun je hier tussen 17.00 en 06.00 uur naar binnen. Tijdens kantooruren is de garage in gebruik door de medewerkers van het gebouw. Precies daarom is er 's avonds bijna altijd plek, ook op de drukke donderdag- en vrijdagavonden.   Tarieven en reserveren Je betaalt € 1,50 per 30 minuten. Blijf je langer, dan is een dagkaart voordeliger: zonder reservering kost die € 15, met reservering € 14, en wie ruim vooraf boekt parkeert al vanaf € 12. Parkeer je regelmatig in het centrum? Met een ParkingPass haal je tien dagen voor € 120 of vijfentwintig dagen voor € 275 — dan zit je op € 11 per dag.  Reserveren doe je online in een halve minuut. Je hoeft niets uit te printen: bij aankomst wordt je kenteken herkend en gaat de slagboom open.   Praktische informatie De garage heeft 284 plaatsen en een doorrijhoogte van 2,05 meter. Rijd je een hoge bestelbus of een auto met dakkoffer, kijk dan naar het naastgelegen DLL-parkeerdek: daar is de doorrijhoogte 2,50 meter. Elektrisch rijden kan ook — er zijn laadpunten aanwezig. Betalen kan met pin, contant en creditcard.  Je vindt de inrit aan de Kanaalstraat 2, vlak bij de Vestdijk. Vanaf de A2 en de Ring rijd je richting Centrum-Oost.   In de buurt Vanaf de garage loop je in vier minuten naar het Stadhuisplein en de Dommelstraat met zijn terrassen en restaurants. Het Van Abbemuseum ligt op ongeveer tien minuten lopen, en de winkels aan de Demer en de Rechtestraat bereik je binnen een kwartier.",Inrit van parkeergarage DLL aan de Kanaalstraat 2 in het centrum van Eindhoven,Overdekte parkeerplaatsen in de DLL-garage in Eindhoven met laadpunt voor elektrische auto's,"V: Wanneer is de DLL-garage open? A: Van maandag tot en met vrijdag kun je tussen 17.00 en 06.00 uur naar binnen. Tijdens kantooruren is de garage voorbehouden aan medewerkers van het gebouw.  V: Wat kost een dag parkeren in de DLL-garage? A: Een dagkaart kost € 15 zonder reservering en € 14 met reservering. Boek je ruim vooraf, dan betaal je vanaf € 12.  V: Hoe hoog mag mijn auto zijn? A: De doorrijhoogte is 2,05 meter. Is je auto hoger, gebruik dan het DLL-parkeerdek aan hetzelfde adres: daar is 2,50 meter mogelijk.  V: Hoe ver is het lopen naar het centrum? A: Je staat op ongeveer vier minuten lopen van het Stadhuisplein en de uitgaansstraten in het centrum van Eindhoven.",Stadspagina Parkeren Eindhoven Parking DLL parkeerdek (centrum) ParkingPass,322,436
101,Eindhoven,Parking DLL parkeerdek (centrum),https://parkingyou.nl/nl/locaties/parking-dll-parkeerdek-centrum/id=101,"Open parkeerdek, hoge doorrijhoogte",DLL parkeerdek Eindhoven: parkeren vanaf € 12 \,ParkingYou,58,"Parkeerdek aan de Kanaalstraat in Eindhoven met 2,50 m doorrijhoogte — ook voor bestelbussen en dakkoffers. Open vanaf 17.00 uur, 4 minuten van het centrum.",156,Parkeren op het DLL-parkeerdek in het centrum van Eindhoven,Ruimte voor hoge auto's Tarieven en reserveren Praktische informatie In de buurt,"Ruimte voor hoge auto's Het DLL-parkeerdek is de bovenste laag van hetzelfde complex aan de Kanaalstraat als de DLL-garage, en het verschil zit in de hoogte. Op het dek is de doorrijhoogte 2,50 meter in plaats van 2,05. Rijd je een bestelbus, een hoge SUV, een auto met dakkoffer of een campertje, dan is dit de plek in het centrum van Eindhoven waar je zonder zorgen naar binnen rijdt.  Het dek is er, net als de garage, voor de avond en de nacht: van maandag tot en met vrijdag kun je tussen 17.00 en 06.00 uur inrijden. Tijdens kantooruren staat het vol met auto's van medewerkers uit het gebouw.   Tarieven en reserveren De tarieven zijn gelijk aan die van de garage: € 1,50 per 30 minuten, een dagkaart van € 15 zonder reservering, € 14 met reservering en vanaf € 12 als je ruim op tijd boekt. Met een ParkingPass parkeer je tien keer voor € 120 of vijfentwintig keer voor € 275.  Je reserveert online en rijdt binnen op kenteken. Ter plekke kun je betalen met pin, contant of creditcard.   Praktische informatie Het dek heeft 125 plaatsen. Omdat het een open dek is, sta je hier niet onder een dak — houd daar rekening mee bij vorst of een hittegolf. Wil je overdekt staan, kies dan de DLL-garage op hetzelfde adres.  De inrit vind je aan de Kanaalstraat 2, op een paar honderd meter van de Vestdijk. Volg vanaf de Ring de borden richting Centrum-Oost.   In de buurt Je staat op vier minuten lopen van het Stadhuisplein, de Dommelstraat en de terrassen daar. De winkelstraten Demer en Rechtestraat liggen op ongeveer tien minuten, het Van Abbemuseum eveneens. Voor wie 's avonds naar het centrum komt en een grotere auto rijdt, is dit dek het makkelijkste adres van Eindhoven.",Open parkeerdek van Parking DLL aan de Kanaalstraat in Eindhoven,"Doorrijhoogte van 2,50 meter op het DLL-parkeerdek in het centrum van Eindhoven","V: Wat is het verschil met de DLL-garage? A: Het parkeerdek is de bovenste, open laag met een doorrijhoogte van 2,50 meter. De garage eronder is overdekt, maar heeft een doorrijhoogte van 2,05 meter.  V: Kan ik hier met een bestelbus parkeren? A: Ja. Met 2,50 meter doorrijhoogte passen de meeste bestelbussen, hoge SUV's en auto's met dakkoffer op het dek.  V: Vanaf welk tijdstip kan ik inrijden? A: Van maandag tot en met vrijdag tussen 17.00 en 06.00 uur. Tijdens kantooruren is het dek in gebruik door medewerkers van het gebouw.  V: Sta ik hier overdekt? A: Nee, het parkeerdek ligt in de open lucht. Wil je overdekt parkeren, kies dan de DLL-garage op hetzelfde adres.",Stadspagina Parkeren Eindhoven Parking DLL (Garage) ParkingPass,287,396
103,Eindhoven,Parking Evoluon,https://parkingyou.nl/nl/locaties/parking-evoluon/id=103,Attractie: Evoluon / Next Nature Museum,Parkeren bij het Evoluon Eindhoven: vanaf € 9 \,ParkingYou,58,"Parkeren op het terrein van het Evoluon en Next Nature Museum in Eindhoven. Twee minuten lopen naar de ingang, dagkaart € 9 met reservering, 350 plaatsen.",154,Parkeren bij het Evoluon en Next Nature Museum,Twee minuten van de ingang Tarieven en ParkingPass Zo rijd je ernaartoe Praktische informatie,"Twee minuten van de ingang Ga je naar het Evoluon of het Next Nature Museum? Dan is dit de parkeerplek die je zoekt: het terrein ligt aan de Noord Brabantlaan 1A, op het terrein van het Evoluon zelf. Vanaf je auto loop je in twee minuten naar de ingang van de vliegende schotel.  De parking heeft 350 plaatsen, dus ook op een drukke zondag of tijdens een evenement is er ruimte. Je staat in stadsdeel Strijp, aan de westkant van Eindhoven, en de locatie is elke dag 24 uur per dag open. Er zijn laadpunten voor elektrische auto's en het terrein is toegankelijk voor rolstoelgebruikers.   Tarieven en ParkingPass Je betaalt € 2,00 per uur. Voor een langer bezoek is de dagkaart interessanter: € 10 zonder reservering en € 9 als je online reserveert. Daarmee is dit een van de voordeligste locaties in Eindhoven voor een hele dag.  Kom je er vaker — bijvoorbeeld omdat je in het gebied werkt of een museumjaarkaart hebt — dan haal je met een ParkingPass tien dagen voor € 100 of vijfentwintig dagen voor € 200. Voor medewerkers en vaste bezoekers zijn er abonnementen: € 132,05 per maand voor externen en € 107,85 per maand voor Next Nature, beide inclusief € 5 servicekosten.   Zo rijd je ernaartoe Kom je van de snelweg, neem dan afslag 30. De inrit van het terrein ligt aan de kant van de Beukenlaan. Vanaf het centrum van Eindhoven rijd je in een kleine tien minuten naar het Evoluon.   Praktische informatie De doorrijhoogte is 2,05 meter. Reserveren doe je online en werkt op kenteken: bij aankomst gaat de slagboom automatisch open. Behalve het Evoluon en het Next Nature Museum liggen ook de bedrijven en horeca in Strijp op korte afstand, en het Philips Stadion bereik je met de auto in een paar minuten.",Parkeerterrein bij het Evoluon aan de Noord Brabantlaan in Eindhoven,Het Evoluon in Eindhoven gezien vanaf het parkeerterrein van Next Nature Museum,"V: Hoe ver is het lopen naar de ingang van het Evoluon? A: Ongeveer twee minuten. Het parkeerterrein ligt op het terrein van het Evoluon zelf.  V: Wat kost een dag parkeren bij het Evoluon? A: € 10 zonder reservering en € 9 als je online vooraf reserveert.  V: Hoe rijd ik naar de parking? A: Neem afslag 30 vanaf de snelweg. De inrit van het terrein ligt aan de kant van de Beukenlaan.  V: Zijn er genoeg plaatsen tijdens een evenement? A: De parking heeft 350 plaatsen. Bij grote evenementen adviseren we toch online te reserveren, dan is je plek zeker.",Stadspagina Parkeren Eindhoven ParkingPass Parking Philips Stadion,287,381
95,Eindhoven,Parking Hoog Bergen,https://parkingyou.nl/nl/locaties/parking-hoog-bergen/id=95,Abonnement — wijk Bergen,"Parkeerplaats huren in Bergen, Eindhoven \",ParkingYou,53,"Vaste parkeerplaats aan de Hoogstraat in de Eindhovense wijk Bergen voor € 120 per maand. Dag en nacht toegankelijk, op loopafstand van het centrum.",148,Vaste parkeerplaats huren bij Hoog Bergen aan de Hoogstraat,Parkeren in de wijk Bergen Waarom een vaste plek hier verstandig is Tarief en voorwaarden Alleen voor abonnees,"Parkeren in de wijk Bergen Parking Hoog Bergen ligt aan de Hoogstraat 39, in de wijk Bergen ten zuidoosten van het Eindhovense centrum. Dit is een van die buurten waar de straten smal zijn, de huizen dicht op elkaar staan en een vrije plek voor de deur eerder uitzondering dan regel is. Een eigen plek in een parkeervoorziening scheelt je hier dagelijks een rondje door de wijk.  Voor € 120 per maand, inclusief € 5 servicekosten, heb je hier je eigen parkeerplaats. De locatie is 24 uur per dag toegankelijk en bereikbaar voor rolstoelgebruikers.   Waarom een vaste plek hier verstandig is Bergen ligt op loopafstand van het centrum en van het Stratumseind, wat de buurt populair maakt — ook bij bezoekers die hun auto ergens kwijt moeten. Wie hier woont of werkt merkt dat vooral in de avond en het weekend. Met een abonnement heb je die discussie niet: je rijdt naar binnen, je zet je auto weg, en je loopt in een paar minuten naar huis of naar het centrum.   Tarief en voorwaarden Het abonnement kost € 120 per maand, inclusief servicekosten, en geeft je onbeperkt in- en uitrijden met je eigen toegangsmiddel. De minimale looptijd is drie maanden bij een opzegtermijn van één maand. Eenmalig betaal je administratiekosten en een bedrag voor de pas of tag.   Alleen voor abonnees Hoog Bergen is niet bedoeld voor kort parkeren: er zijn geen uur- of dagtarieven en de locatie is alleen toegankelijk voor abonnees. Kom je op bezoek in deze buurt, dan kun je terecht bij onze publieke garages in het centrum — Parking Onyx en de DLL-garage liggen op een paar minuten rijden. Zoek je een vaste plek maar past deze locatie niet, bekijk dan Parking Hoog Stratum of Parking Paradijslaan.",Parkeerlocatie Hoog Bergen aan de Hoogstraat in Eindhoven,Ingang van de abonnementenparking Hoog Bergen in de Eindhovense wijk Bergen,"V: Wat kost een abonnement bij Hoog Bergen? A: € 120 per maand, inclusief € 5 servicekosten.  V: Kan ik hier als bezoeker parkeren? A: Nee, de locatie is alleen toegankelijk voor abonnees. Bezoekers kunnen terecht bij onze publieke garages in het centrum van Eindhoven.  V: Hoe ver is het naar het centrum? A: De wijk Bergen ligt op loopafstand van het centrum en het Stratumseind.  V: Wanneer kan ik in- en uitrijden? A: 24 uur per dag, zeven dagen per week.",Abonnementen Parking Hoog Stratum Stadspagina Parkeren Eindhoven,271,345
97,Eindhoven,Parking Hoog Stratum,https://parkingyou.nl/nl/locaties/parking-hoog-stratum/id=97,Abonnement — wijk Stratum,Parkeerplaats huren Stratum Eindhoven \,ParkingYou,50,"Vaste parkeerplaats aan de Jan Smitzlaan in Stratum, Eindhoven, voor € 140 per maand. Dag en nacht toegankelijk. Uitsluitend voor abonnees, geen dagkaart.",154,Vaste parkeerplaats huren bij Hoog Stratum aan de Jan Smitzlaan,Een plek in Stratum Voor wie is deze locatie? Tarief en voorwaarden Alternatieven als je kort wilt parkeren,"Een plek in Stratum Parking Hoog Stratum ligt aan de Jan Smitzlaan, in Stratum, net buiten de ring aan de oostkant van het Eindhovense centrum. Je zit hier dicht bij de Dommel en op fietsafstand van de binnenstad, in een buurt waar de parkeerdruk 's avonds flink oploopt.  Met een abonnement van € 140 per maand, inclusief € 5 servicekosten, heb je hier dag en nacht een eigen plek. De locatie is 24 uur per dag toegankelijk en bereikbaar voor rolstoelgebruikers.   Voor wie is deze locatie? Hoog Stratum is er voor mensen die in Stratum wonen of werken en hun auto niet elke avond opnieuw willen inparkeren. Ook wie in het centrum werkt en de auto liever net buiten de drukte neerzet, zit hier goed: je loopt of fietst in een paar minuten naar het centrum, terwijl je auto op een vaste plek staat.   Tarief en voorwaarden Het abonnement kost € 140 per maand, inclusief servicekosten. Je rijdt onbeperkt in en uit met een eigen toegangsmiddel. De minimale looptijd is drie maanden, de opzegtermijn één maand. Eenmalig betaal je administratiekosten en een bedrag voor je pas of tag.  Wil je vergelijken met onze andere vaste plekken in Eindhoven? Aan de Beukenlaan zit je op € 85 per maand, aan de Boschdijk op € 90, en aan de Lichttoren — pal in het centrum — op € 205. Hoe dichter bij het centrum, hoe hoger het tarief; Hoog Stratum zit daar precies tussenin.   Alternatieven als je kort wilt parkeren Deze locatie kent geen uur- of dagtarief en is uitsluitend toegankelijk voor abonnees. Wil je een paar uur in Eindhoven parkeren, kies dan een van onze publieke locaties: Parking Onyx bij het Victoriapark, de DLL-garage aan de Kanaalstraat of Parking TD-gebouw aan het Frederik van Eedenplein.",Parkeerlocatie Hoog Stratum aan de Jan Smitzlaan in Eindhoven,Vaste parkeerplaatsen voor abonnees in de Eindhovense wijk Stratum,"V: Wat kost een vaste plek bij Hoog Stratum? A: € 140 per maand, inclusief € 5 servicekosten.  V: Is deze locatie toegankelijk voor bezoekers? A: Nee, alleen abonnees kunnen hier naar binnen. Voor kort parkeren verwijzen we je naar onze publieke garages in het centrum.  V: Hoe ver is het naar het centrum van Eindhoven? A: Stratum grenst aan de ring rond het centrum; lopend of fietsend ben je er in een paar minuten.  V: Kan ik het abonnement maandelijks opzeggen? A: Na een minimale looptijd van drie maanden kun je met één maand opzegtermijn stoppen.",Abonnementen Parking Hoog Bergen Parking TD-gebouw,274,363
93,Eindhoven,Parking Lichttoren,https://parkingyou.nl/nl/locaties/parking-lichttoren/id=93,"Abonnement — premium, naast de Piazza",Parkeerplaats huren Lichttoren Eindhoven \,ParkingYou,53,"Overdekte vaste parkeerplaats bij de Lichttoren in Eindhoven, direct naast de Piazza. € 205 per maand, 24/7 toegankelijk. Alleen voor abonnees.",143,Vaste parkeerplaats huren bij de Lichttoren in Eindhoven,De meest centrale plek die we hebben Overdekt en dag en nacht toegankelijk Tarief en voorwaarden Alleen voor abonnees,"De meest centrale plek die we hebben Parking Lichttoren ligt aan de Lichttoren 1, in het monumentale Philipsgebouw dat pal naast de Piazza staat. Dit is de absolute binnenstad van Eindhoven: je stapt uit je auto en staat tussen de winkels, restaurants en het Piazza-complex. Eindhoven Centraal ligt op een paar minuten lopen.  Die ligging verklaart ook het tarief. Met € 205 per maand, inclusief € 5 servicekosten, is dit onze duurste abonnementslocatie in Eindhoven — en tegelijk de enige waar je je auto letterlijk in het centrum kunt neerzetten.   Overdekt en dag en nacht toegankelijk Je parkeert hier in een overdekte garage, dus je auto staat droog en uit de zon. De doorrijhoogte is 2,05 meter. In- en uitrijden kan 24 uur per dag, zeven dagen per week, met je eigen toegangsmiddel.   Tarief en voorwaarden Het abonnement kost € 205 per maand, inclusief servicekosten. De minimale looptijd is drie maanden bij een opzegtermijn van één maand; eenmalig betaal je administratiekosten en een bedrag voor je pas of tag.  Voor wie dagelijks in de binnenstad werkt, is dat een scherpe rekensom. Betaald parkeren in het centrum van Eindhoven kost per dag al een aanzienlijk bedrag, en dat tarief gaat de komende jaren omhoog. Wie hier vijf dagen per week staat, zit met een abonnement ruim onder de dagtarieven van de binnenstad — en heeft altijd een plek.   Alleen voor abonnees Deze garage is niet toegankelijk voor kort parkeren; er is geen uur- of dagtarief. Wil je een paar uur in het centrum van Eindhoven parkeren, kijk dan bij de DLL-garage aan de Kanaalstraat, het DLL-parkeerdek of Parking Onyx aan het Victoriapark.",Ingang van parkeergarage Lichttoren naast de Piazza in het centrum van Eindhoven,Overdekte parkeergarage in het Lichttoren-gebouw in Eindhoven,"V: Wat kost een vaste plek bij de Lichttoren? A: € 205 per maand, inclusief € 5 servicekosten. Het is onze meest centraal gelegen abonnementslocatie in Eindhoven.  V: Wat is de doorrijhoogte? A: 2,05 meter. Rijd je hoger, kijk dan naar het DLL-parkeerdek met 2,50 meter.  V: Sta ik hier overdekt? A: Ja, het is een overdekte parkeergarage in het Lichttoren-gebouw.  V: Kan ik hier per uur parkeren? A: Nee, deze garage is uitsluitend voor abonnees. Voor kort parkeren in het centrum verwijzen we je naar onze publieke locaties.",Abonnementen Parking DLL (Garage) Stadspagina Parkeren Eindhoven,250,331
83,Eindhoven,Parking Mauritsstraat,https://parkingyou.nl/nl/locaties/parking-mauritsstraat/id=83,"Abonnement — centrum, woonbuurt",Parkeerplaats huren Mauritsstraat Eindhoven \,ParkingYou,56,"Vaste parkeerplaats aan de Mauritsstraat in het centrum van Eindhoven voor € 145 per maand. Dag en nacht toegankelijk, uitsluitend voor abonnees.",145,Vaste parkeerplaats huren aan de Mauritsstraat in Eindhoven,Een vaste plek in de binnenstad Voor wie is deze locatie? Tarief en voorwaarden Alleen voor abonnees,"Een vaste plek in de binnenstad Parking Mauritsstraat ligt aan de Mauritsstraat 214, binnen de ring in het centrum van Eindhoven. Dit is een deel van de stad waar bijna alle straten in een betaalde zone liggen en waar bewoners en werkenden dagelijks concurreren om dezelfde plekken. Met een abonnement hier heb je dat probleem niet meer.  Voor € 145 per maand, inclusief € 5 servicekosten, heb je een eigen plek die dag en nacht toegankelijk is. De locatie is bereikbaar voor rolstoelgebruikers.   Voor wie is deze locatie? De Mauritsstraat is vooral interessant voor bewoners van de binnenstad en voor mensen die in het centrum werken en hun auto de hele dag willen laten staan. Je loopt van hier binnen enkele minuten naar de winkelstraten en de horeca van het centrum, dus je hebt de auto onderweg niet nodig.   Tarief en voorwaarden Het abonnement kost € 145 per maand, inclusief servicekosten, en geeft onbeperkt in- en uitrijden met een eigen toegangsmiddel. De minimale looptijd is drie maanden bij een opzegtermijn van één maand. Eenmalig betaal je administratiekosten en een bedrag voor je pas of tag.  Zoek je iets voordeligers en mag het iets verder van het centrum? Aan de Beukenlaan zit je op € 85 per maand en aan de Boschdijk op € 90. Wil je juist nóg centraler, dan is de Lichttoren (€ 205) de meest centrale plek die we in Eindhoven hebben.   Alleen voor abonnees Deze locatie heeft geen uur- of dagtarief en is uitsluitend toegankelijk voor abonnees. Kom je eenmalig naar het centrum van Eindhoven, dan zijn de DLL-garage aan de Kanaalstraat, het DLL-parkeerdek en Parking Onyx aan het Victoriapark de plekken waar je per uur of per dag kunt reserveren.",Parkeerlocatie aan de Mauritsstraat in het centrum van Eindhoven,Vaste parkeerplaatsen voor abonnees aan de Mauritsstraat in Eindhoven,"V: Wat kost een vaste plek aan de Mauritsstraat? A: € 145 per maand, inclusief € 5 servicekosten.  V: Kan ik hier als bezoeker terecht? A: Nee, de locatie is alleen voor abonnees. Voor kort parkeren in het centrum kun je terecht bij de DLL-garage of Parking Onyx.  V: Is de locatie 's nachts toegankelijk? A: Ja, abonnees kunnen 24 uur per dag in- en uitrijden.  V: Zijn er goedkopere vaste plekken in Eindhoven? A: Ja. Aan de Beukenlaan betaal je € 85 per maand en aan de Boschdijk € 90 — beide iets verder van het centrum.",Abonnementen Parking The Beech Stadspagina Parkeren Eindhoven,267,357
25,Eindhoven,Parking Onyx,https://parkingyou.nl/nl/locaties/parking-onyx/id=25,"Dichtst bij centrum, goedkoop 's nachts",Parkeren hartje Eindhoven: Onyx vanaf € 5 \,ParkingYou,54,"Parkeren aan het Victoriapark in Eindhoven, 7 minuten van hartje centrum en 4 minuten van het Philips Museum. 's Nachts parkeer je hier voor maximaal € 5.",154,Parkeren bij Parking Onyx aan het Victoriapark,"Zo dicht bij het centrum als het wordt Overdag, 's avonds en 's nachts Eerste uren gratis bij de buren Praktische informatie","Zo dicht bij het centrum als het wordt Parking Onyx ligt aan het Victoriapark 753, tussen de Mathildelaan en het centrum van Eindhoven. Van al onze Eindhovense locaties sta je hier het dichtst bij het hart van de stad: binnen zeven minuten lopen sta je op de Markt, en het Philips Museum bereik je in vier minuten. De Bijenkorf en de winkelstraten liggen om de hoek.  De locatie bestaat uit twee delen: 44 buitenplaatsen en 90 plaatsen in de garage. Er zijn laadpunten voor elektrische auto's en het terrein is toegankelijk voor rolstoelgebruikers. In- en uitrijden kan 24 uur per dag.   Overdag, 's avonds en 's nachts Het tarief verschilt sterk per moment van de dag, en dat werkt in je voordeel als je 's avonds komt. Tussen 08.00 en 18.00 uur betaal je € 4,00 per uur, met een dagtarief van € 30. Maar tussen 18.00 en 08.00 uur is het € 1,00 per uur, met een maximum van € 5 per nacht. Blijf je van 's avonds tot de volgende ochtend staan, dan kost dat dus niet meer dan een vijfje.  Wil je een vaste plek? Een 24/7-abonnement kost € 204,65 per maand; bewoners van de omliggende complexen betalen € 170 per maand, inclusief € 5 servicekosten.   Eerste uren gratis bij de buren Bezoek je een van de aangesloten bedrijven in het gebouw, dan zijn de eerste twee uur gratis. Doe je alleen even boodschappen bij de Jumbo, dan is het eerste half uur gratis. Vraag bij de betreffende zaak hoe je dat verrekent.   Praktische informatie Je rijdt het Victoriapark op vanaf de Mathildelaan. Reserveren doe je online en je rijdt binnen op kenteken. In de directe omgeving vind je onder andere Brownies & downieS, en het Philips Stadion ligt op een kleine tien minuten lopen.",Ingang van Parking Onyx aan het Victoriapark in het centrum van Eindhoven,Buitenplaatsen en laadpunten bij Parking Onyx nabij het Philips Museum in Eindhoven,"V: Wat kost 's nachts parkeren bij Parking Onyx? A: Tussen 18.00 en 08.00 uur betaal je € 1,00 per uur met een maximum van € 5 per nacht.  V: Hoe ver is het lopen naar het centrum? A: In ongeveer zeven minuten sta je in hartje Eindhoven. Het Philips Museum ligt op vier minuten lopen.  V: Zijn de eerste uren echt gratis? A: Bij een bezoek aan een van de aangesloten bedrijven in het gebouw zijn de eerste twee uur gratis. Bij de Jumbo is het eerste half uur gratis.  V: Kan ik hier elektrisch laden? A: Ja, op de locatie zijn laadpunten voor elektrische auto's aanwezig.",Stadspagina Parkeren Eindhoven Parking Philips Stadion Abonnementen,277,377
99,Eindhoven,Parking Paradijslaan,https://parkingyou.nl/nl/locaties/parking-paradijslaan/id=99,Abonnement — bij het stadhuis,Parkeerplaats huren bij het stadhuis Eindhoven \,ParkingYou,59,"Vaste parkeerplaats aan de Paradijslaan in Eindhoven, op een paar minuten van het stadhuis en het centrum. € 135 per maand, alleen voor abonnees.",145,"Vaste parkeerplaats huren aan de Paradijslaan, bij het stadhuis",Midden in het centrum Voor wie is deze locatie? Tarief en voorwaarden Alleen met abonnement,"Midden in het centrum Parking Paradijslaan ligt aan de Paradijslaan 20, op een paar minuten lopen van het stadhuis en het Stadhuisplein. Daarmee is dit een van onze centraalste abonnementslocaties in Eindhoven: je auto staat in het hart van de stad, terwijl je zelf de hele binnenstad te voet doet.  Voor € 135 per maand, inclusief € 5 servicekosten, heb je hier een eigen plek, dag en nacht.   Voor wie is deze locatie? Deze locatie is vooral interessant voor mensen die in de binnenstad werken — bij de gemeente, in de kantoren rond de Vestdijk of in de horeca aan het Stadhuisplein — en voor bewoners van het centrum, waar een plek in de straat vrijwel niet te krijgen is. Wie hier een abonnement heeft, rijdt aan het eind van de werkdag of na een late dienst gewoon naar binnen, zonder eerst de zone rond te rijden.   Tarief en voorwaarden Het abonnement kost € 135 per maand, inclusief servicekosten, en geeft onbeperkt toegang met je eigen pas of tag. De minimale looptijd is drie maanden en de opzegtermijn is één maand. Eenmalig betaal je administratiekosten en een bedrag voor het toegangsmiddel.  Zet dat naast betaald parkeren in het centrum van Eindhoven: daar loopt het uurtarief in de binnenstad flink op, en de gemeente heeft aangekondigd dat het tarief verder omhoog gaat. Wie hier dagelijks staat, weet met een abonnement precies waar hij aan toe is.   Alleen met abonnement Parking Paradijslaan is uitsluitend toegankelijk voor abonnees; er is geen uur- of dagtarief. Kom je voor een enkel bezoek naar het centrum, kies dan de DLL-garage aan de Kanaalstraat, het DLL-parkeerdek of Parking Onyx aan het Victoriapark — alle drie op een paar minuten afstand en wel per uur of per dag te reserveren.",Parkeerlocatie Paradijslaan bij het stadhuis in het centrum van Eindhoven,Ingang van de abonnementenparking aan de Paradijslaan in Eindhoven,"V: Hoe ver is het naar het stadhuis? A: Het stadhuis en het Stadhuisplein liggen op een paar minuten lopen van de parking.  V: Wat kost een abonnement aan de Paradijslaan? A: € 135 per maand, inclusief € 5 servicekosten.  V: Kan ik hier een dagkaart kopen? A: Nee, deze locatie is alleen voor abonnees. Voor een dagkaart in het centrum kun je terecht bij de DLL-garage of Parking Onyx.  V: Is de parking 24 uur per dag toegankelijk? A: Ja, abonnees kunnen dag en nacht in- en uitrijden.",Abonnementen Parking DLL (Garage) Stadspagina Parkeren Eindhoven,274,355
31,Eindhoven,Parking Philips Bedrijfsschool,https://parkingyou.nl/nl/locaties/parking-philips-bedrijfsschool/id=31,"Strijp-S, goedkoopste ParkingPass",Parkeren Strijp-S Eindhoven vanaf € 8 p/d \,ParkingYou,54,"Parkeren aan de Frederiklaan in Eindhoven, op loopafstand van Strijp-S en het Klokgebouw. Avondtarief € 0,65 per 20 min en ParkingPass vanaf € 9 per dag.",153,Parkeren bij de Philips Bedrijfsschool aan de Frederiklaan,Op loopafstand van Strijp-S Het goedkoopste avondtarief van Eindhoven Let op bij wedstrijden Praktische informatie,"Op loopafstand van Strijp-S Parking Philips Bedrijfsschool ligt aan de Frederiklaan 60a, in het oude Philipsgebied tussen het stadion en Strijp-S. Ga je naar een voorstelling in het Klokgebouw, naar de Cultuurhallen, of eet je bij Loetje op de hoek? Dan zet je je auto hier neer en loop je in een paar minuten naar de plek waar je moet zijn. Het centrum van Eindhoven ligt op ongeveer tien minuten lopen.  De locatie heeft 176 plaatsen en is elke dag 24 uur per dag open. Er zijn laadpunten voor elektrische auto's en het terrein is toegankelijk voor rolstoelgebruikers.   Het goedkoopste avondtarief van Eindhoven Hier maakt het echt uit hoe laat je komt. Tussen 09.00 en 21.00 uur betaal je € 1,30 per 20 minuten; tussen 21.00 en 09.00 uur is dat € 0,65 — de helft. Een dagkaart kost € 15 zonder reservering, € 14 met reservering en vanaf € 12 bij vroeg boeken.  Sta je er vaker, dan is de ParkingPass hier het scherpst van al onze Eindhovense locaties: tien dagen voor € 90, oftewel € 9 per dag, of vijfentwintig dagen voor € 200. Dat is € 8 per dag — minder dan een uur straatparkeren in het centrum.   Let op bij wedstrijden Tijdens wedstrijden en grote evenementen in het Philips Stadion is deze locatie niet beschikbaar. Kom je voor een wedstrijd of een concert, kijk dan bij onze wedstrijdlocaties verderop in de wijk.   Praktische informatie Je rijdt de Frederiklaan op vanaf de Mathildelaan of de Beukenlaan. Reserveren doe je online; je kenteken wordt bij aankomst herkend, dus je hoeft niets bij je te hebben. Naast Strijp-S en het stadion liggen ook het Philips Museum en de winkels in het centrum binnen wandelafstand.",Parkeerterrein Philips Bedrijfsschool aan de Frederiklaan in Eindhoven,Laadpunt voor elektrische auto's op parkeerlocatie Philips Bedrijfsschool bij Strijp-S in Eindhoven,"V: Wat kost parkeren 's avonds? A: Tussen 21.00 en 09.00 uur betaal je € 0,65 per 20 minuten. Tussen 09.00 en 21.00 uur is dat € 1,30 per 20 minuten.  V: Hoe ver is het lopen naar Strijp-S? A: Het Klokgebouw en de Cultuurhallen op Strijp-S liggen op een paar minuten lopen. Naar het centrum van Eindhoven loop je ongeveer tien minuten.  V: Kan ik hier parkeren tijdens een PSV-wedstrijd? A: Nee. Tijdens wedstrijden en grote evenementen in het Philips Stadion is deze locatie niet beschikbaar.  V: Wat is de goedkoopste manier om hier vaker te parkeren? A: Met een ParkingPass: tien dagen voor € 90 of vijfentwintig dagen voor € 200. Dat komt neer op € 8 tot € 9 per dag.",Stadspagina Parkeren Eindhoven ParkingPass Parkeren tijdens PSV-thuiswedstrijden,269,385
7,Eindhoven,Parking Philips Stadion,https://parkingyou.nl/nl/locaties/parking-philips-stadion/id=7,"Grote garage west, niet tijdens wedstrijden",Parkeren Philips Stadion Eindhoven: 700 plekken \,ParkingYou,60,"Overdekt parkeren bij het Philips Stadion in Eindhoven: 700 plaatsen, lift en dagkaart vanaf € 12,50. Let op: tijdens wedstrijden is deze garage gesloten.",154,Parkeren bij het Philips Stadion in Eindhoven,Let op: niet tijdens wedstrijden en evenementen Waarom deze garage Tarieven en abonnementen Praktische informatie en omgeving,"Let op: niet tijdens wedstrijden en evenementen Belangrijk om te weten voordat je reserveert: tijdens wedstrijden en grote evenementen in het Philips Stadion is deze garage niet bereikbaar. Dat geldt ook voor abonnementhouders. Kom je voor een PSV-wedstrijd of een concert, kijk dan bij onze wedstrijdlocaties in de omgeving van het stadion — daar kun je op speeldagen wél terecht.   Waarom deze garage Buiten die dagen is dit een van de ruimste garages van Eindhoven: 700 overdekte plaatsen aan de Anton Philipslaan, aan de westkant van de stad. Doordat de garage zo groot is, vind je hier vrijwel altijd een plek zonder rondjes te rijden — handig als je een afspraak hebt in het stadiongebied, op Strijp of bij een van de kantoren rond de Frederiklaan.  Je staat overdekt, er is een lift en de garage is toegankelijk voor rolstoelgebruikers. In- en uitrijden kan zeven dagen per week, 24 uur per dag.   Tarieven en abonnementen Je betaalt € 1,50 per 30 minuten. Een dagkaart kost € 15 zonder reservering; reserveer je online, dan betaal je € 12,50. Voor wie er dagelijks staat, zijn er abonnementen: een kantoorabonnement kost € 135 per maand, en bewoners van het complex kunnen een 24/7-abonnement afnemen voor € 160 per maand.  Reserveren gaat online en werkt op kenteken — je hoeft geen ticket te trekken.   Praktische informatie en omgeving De doorrijhoogte is 2,00 meter, dus houd daar rekening mee met een dakkoffer of imperiaal. Het centrum van Eindhoven ligt op ongeveer negen minuten lopen, en het Klokgebouw en de Cultuurhallen op Strijp-S bereik je te voet in een kwartier. Ook het Philips Museum en de winkels aan de Mathildelaan liggen binnen wandelafstand.",Ingang van de parkeergarage bij het Philips Stadion aan de Anton Philipslaan in Eindhoven,Overdekte parkeergarage met 700 plaatsen bij het Philips Stadion in Eindhoven,"V: Kan ik hier parkeren tijdens een PSV-wedstrijd? A: Nee. Tijdens wedstrijden en grote evenementen in het Philips Stadion is deze garage niet bereikbaar, ook niet voor abonnementhouders. Bekijk dan onze wedstrijdlocaties in de omgeving.  V: Hoeveel parkeerplaatsen zijn er? A: De garage heeft 700 overdekte parkeerplaatsen, waardoor er buiten wedstrijddagen bijna altijd plek is.  V: Wat kost een dagkaart? A: Zonder reservering € 15. Reserveer je online vooraf, dan betaal je € 12,50 voor een hele dag.  V: Is de garage 24 uur per dag open? A: Ja, in- en uitrijden kan zeven dagen per week, de klok rond — behalve op dagen met een wedstrijd of groot evenement in het stadion.",Stadspagina Parkeren Eindhoven Parkeren tijdens PSV-thuiswedstrijden Parking Philips Bedrijfsschool,258,363
17,Eindhoven,Parking TD-gebouw,https://parkingyou.nl/nl/locaties/parking-td-gebouw/id=17,Museumbezoek Van Abbemuseum,Parkeren Van Abbemuseum Eindhoven: TD-gebouw \,ParkingYou,57,"Parkeren aan het Frederik van Eedenplein in Eindhoven, zes minuten lopen van het Van Abbemuseum. 24 uur per dag open, dagkaart vanaf € 12 met reservering.",154,Parkeren bij het TD-gebouw aan het Frederik van Eedenplein,Zes minuten van het Van Abbemuseum Tarieven en abonnement Praktische informatie In de buurt,"Zes minuten van het Van Abbemuseum Parking TD-gebouw is de plek om te parkeren als je het Van Abbemuseum bezoekt: je loopt er in zes minuten naartoe. De locatie ligt aan het Frederik van Eedenplein 1, aan de rand van het centrum van Eindhoven en direct naast het Anne Frankplantsoen. Ook het centrum zelf is goed te lopen — reken op ongeveer tien minuten naar de Rechtestraat en de Demer.  Met 97 plaatsen is dit een van onze kleinere locaties, wat betekent dat je snel in- en uitrijdt zonder lange rijen bij de slagboom. De parking is elke dag 24 uur per dag open en toegankelijk voor rolstoelgebruikers.   Tarieven en abonnement Je betaalt € 1,50 per 20 minuten, wat neerkomt op € 3,00 per uur. Blijf je een hele dag, kies dan de dagkaart: € 15 zonder reservering, € 14 met reservering en vanaf € 12 als je vooraf boekt. Voor wie hier structureel staat is er een 24/7-abonnement van € 125 per maand, inclusief € 5 servicekosten.  Reserveren doe je online. Je kenteken wordt bij de slagboom herkend, dus je hoeft geen kaartje te trekken of iets uit te printen.   Praktische informatie Je rijdt het Frederik van Eedenplein op vanaf de Vestdijk en de Bilderdijklaan. Er is een bushalte op ongeveer vijf minuten lopen, dus je kunt hier ook prima je auto neerzetten en met het openbaar vervoer verder.   In de buurt Naast het Van Abbemuseum liggen ook het Anne Frankplantsoen en de Dommel op wandelafstand — fijn als je na een museumbezoek nog een rondje wilt lopen. De terrassen aan de Dommelstraat en het Stadhuisplein bereik je in ongeveer tien minuten, net als de winkelstraten van het centrum.",Parkeerlocatie TD-gebouw aan het Frederik van Eedenplein in Eindhoven,Route van parkeerlocatie TD-gebouw naar het Van Abbemuseum in Eindhoven,"V: Hoe ver is het lopen naar het Van Abbemuseum? A: Ongeveer zes minuten. Het museum ligt aan de andere kant van het Anne Frankplantsoen.  V: Wat kost een uur parkeren? A: Je betaalt € 1,50 per 20 minuten, dus € 3,00 per uur. Voor een hele dag is de dagkaart voordeliger: vanaf € 12 bij vroeg boeken.  V: Is de parking 's nachts open? A: Ja, in- en uitrijden kan elke dag, 24 uur per dag.  V: Kan ik hier overstappen op het openbaar vervoer? A: Er is een bushalte op ongeveer vijf minuten lopen van de parking.",Stadspagina Parkeren Eindhoven Abonnementen Parking Cornelis Paradise,265,356
81,Eindhoven,Parking The Beech,https://parkingyou.nl/nl/locaties/parking-the-beech/id=81,Abonnement — goedkoopste vaste plek,Parkeerplaats huren Beukenlaan Eindhoven \,ParkingYou,53,"Vaste parkeerplaats aan de Beukenlaan in Eindhoven voor € 85 per maand. Onze voordeligste abonnementslocatie, 24/7 toegankelijk. Alleen voor abonnees.",150,Vaste parkeerplaats huren bij The Beech aan de Beukenlaan,Onze voordeligste vaste plek in Eindhoven Voor wie is deze locatie? Wat kost het en wat krijg je Goed om te weten,"Onze voordeligste vaste plek in Eindhoven Parking The Beech aan de Beukenlaan is de goedkoopste manier om in Eindhoven een eigen parkeerplaats te hebben: € 85 per maand, inclusief € 5 servicekosten. Dat is minder dan drie dagkaarten in het centrum, en je hebt er een maand lang elke dag en nacht een plek voor.  De Beukenlaan is een van de hoofdaders aan de westkant van Eindhoven. Je zit hier op een paar minuten rijden van Strijp-S, het stadion en het centrum, en je bent snel op de Ring en de snelweg. Voor wie in dit deel van de stad woont of werkt en genoeg heeft van het zoeken naar een plek in de straat, is dit het simpelste antwoord.   Voor wie is deze locatie? The Beech is bedoeld voor mensen die er structureel staan: bewoners uit de omliggende straten, mensen die in de buurt werken en forenzen die hun auto liever op een vaste plek zetten dan in een betaalde zone. Je rijdt in en uit wanneer je wilt — de locatie is 24 uur per dag, zeven dagen per week toegankelijk — en de plaatsen zijn bereikbaar voor rolstoelgebruikers.   Wat kost het en wat krijg je Het abonnement kost € 85 per maand, inclusief servicekosten. Daarvoor rijd je onbeperkt in en uit met je eigen toegangsmiddel. Vergelijk dat met betaald parkeren in een Eindhovense zone: daar ben je een maandelijkse gebruiker al snel een veelvoud van kwijt, en dan moet je nog een plek vinden.  Een abonnement aanvragen doe je online. Reken op een minimale looptijd van drie maanden en een opzegtermijn van één maand; eenmalig betaal je administratiekosten en een bedrag voor je toegangspas of -tag.   Goed om te weten Deze locatie is uitsluitend toegankelijk voor abonnees. Je kunt hier dus niet losse uren of een dagkaart parkeren. Zoek je een plek voor een enkel bezoek aan Eindhoven, kijk dan bij onze publieke garages in het centrum, zoals de DLL-garage aan de Kanaalstraat of Parking Onyx aan het Victoriapark.",Parkeerlocatie The Beech aan de Beukenlaan in Eindhoven,Vaste parkeerplaatsen voor abonnees bij Parking The Beech in Eindhoven,"V: Kan ik hier per uur of per dag parkeren? A: Nee, deze locatie is uitsluitend voor abonnees. Voor losse uren of een dagkaart kun je terecht bij onze publieke garages in het centrum van Eindhoven.  V: Wat kost een abonnement? A: € 85 per maand, inclusief € 5 servicekosten. Dat is onze voordeligste abonnementslocatie in Eindhoven.  V: Wanneer kan ik in- en uitrijden? A: 24 uur per dag, zeven dagen per week.  V: Hoe lang zit ik vast aan een abonnement? A: De minimale looptijd is drie maanden, met een opzegtermijn van één maand.",Abonnementen Stadspagina Parkeren Eindhoven Parking DLL (Garage),308,395
105,Heerhugowaard,Parking Heerhugowaard P1 Zuidtangent,https://parkingyou.nl/nl/locaties/parking-heerhugowaard-p1-zuidtangent-/id=105,"Winkelcentrum Middenwaard, 794 plaatsen",Parkeren Middenwaard Heerhugowaard: € 9 per dag \,ParkingYou,60,"794 plaatsen bij Winkelcentrum Middenwaard in Heerhugowaard. € 0,20 per 12 minuten en maximaal € 9 per dag. Laadpunt, lift en cameratoezicht.",141,Parkeren bij Winkelcentrum Middenwaard aan de Zuidtangent,794 plaatsen bij 150 winkels Een van onze laagste tarieven Terrein en kelder: let op de tijden Abonnementen en praktische informatie,"794 plaatsen bij 150 winkels Parking P1 Zuidtangent aan de Zuidtangent 124 is de grootste parkeervoorziening bij Winkelcentrum Middenwaard in Heerhugowaard: 794 plaatsen, verdeeld over een terrein en een parkeerkelder. Middenwaard heeft ruim 150 winkels — mode, beauty, elektronica, wooninrichting — plus horeca, en dat trekt op zaterdag en tijdens koopavonden veel bezoekers. Met dit aantal plaatsen vind je hier vrijwel altijd nog ruimte.  De garage heeft camerabewaking, een lift, laadpunten voor elektrische auto's en een overdekt gedeelte. Je kunt direct inrijden, dus reserveren is niet nodig.   Een van onze laagste tarieven Je betaalt € 0,20 per 12 minuten, wat neerkomt op € 1 per uur. Het maximumdagtarief is € 9. Voor een dag shoppen, een bioscoopbezoek of een lange lunch is dat een van de laagste tarieven van al onze locaties — en aanzienlijk minder dan wat je in de grote steden betaalt.   Terrein en kelder: let op de tijden Het terrein is 24 uur per dag toegankelijk. De parkeerkelder heeft beperkte openingstijden: van maandag tot en met zaterdag tussen 07.45 en 21.00 uur, en op zondag tussen 09.45 en 20.00 uur. Wil je overdekt staan, kom dan binnen die uren; buiten die tijden kun je op het terrein terecht.   Abonnementen en praktische informatie De doorrijhoogte is 1,90 meter. Voor wie hier regelmatig staat is er een avond- en weekendabonnement van € 39,42 per maand, en een zakelijk abonnement van € 79,14 per maand (€ 65,40 exclusief btw). Voor winkeliers en bedrijven in Middenwaard is dat een voordelige manier om parkeren voor medewerkers te regelen.",Parkeerterrein P1 aan de Zuidtangent bij Winkelcentrum Middenwaard in Heerhugowaard,Overdekte parkeerkelder met laadpunt bij Winkelcentrum Middenwaard in Heerhugowaard,"V: Wat kost parkeren bij Middenwaard? A: € 0,20 per 12 minuten, dus € 1 per uur, met een maximum van € 9 per dag.  V: Is de parkeerkelder altijd open? A: Nee. De kelder is van maandag tot en met zaterdag open tussen 07.45 en 21.00 uur en op zondag tussen 09.45 en 20.00 uur. Het terrein is 24 uur per dag toegankelijk.  V: Hoeveel parkeerplaatsen zijn er? A: 794, verdeeld over het terrein en de parkeerkelder.  V: Moet ik reserveren? A: Nee, je kunt direct inrijden.",Stadspagina Parkeren Heerhugowaard Parking P2 Middenwaard Zakelijk,234,314
107,Heerhugowaard,Parking P2 Middenwaard,https://parkingyou.nl/nl/locaties/parking-p2-middenwaard/id=107,"Winkelcentrum Middenwaard, 24/7 en hoger",P2 Middenwaard Heerhugowaard: 24 uur open \,ParkingYou,54,"Overdekt parkeren direct bij Winkelcentrum Middenwaard in Heerhugowaard, 24 uur per dag open. € 1 per uur, maximaal € 9 per dag, 551 plaatsen.",142,Parkeren bij P2 Middenwaard in Heerhugowaard,"Direct bij het winkelcentrum, dag en nacht open Ruimer dan P1: 2,10 meter € 1 per uur, maximaal € 9 per dag Abonnementen en voorzieningen","Direct bij het winkelcentrum, dag en nacht open Parking P2 aan Middenwaard 41A ligt direct bij Winkelcentrum Middenwaard in Heerhugowaard. Anders dan bij de parkeerkelder van P1 aan de Zuidtangent kun je hier 24 uur per dag in- en uitrijden. Kom je vroeg, laat, of buiten de openingstijden van het winkelcentrum? Dan is dit de garage waar je zonder nadenken terechtkunt.  De garage heeft 551 overdekte plaatsen, camerabewaking, een lift en laadpunten voor elektrische auto's.   Ruimer dan P1: 2,10 meter De doorrijhoogte is hier 2,10 meter, tegen 1,90 meter bij P1 Zuidtangent. Rijd je een SUV, een hogere stationwagen of heb je een dakkoffer of fietsendrager op het dak, dan is P2 de garage die je moet hebben. Voor wie met een aanhanger of een bestelbus komt is het verstandig vooraf te bellen.   € 1 per uur, maximaal € 9 per dag Je betaalt € 0,20 per 12 minuten, dus € 1 per uur, met een maximumdagtarief van € 9. Voor een middag shoppen bij 150 winkels, een bioscoopbezoek of een lange lunch is dat weinig — in de grote steden ben je dat na een uur al kwijt.   Abonnementen en voorzieningen Voor regelmatige gebruikers is er een avond- en weekendabonnement van € 39,42 per maand. Voor bedrijven en winkeliers in en rond Middenwaard is er een zakelijk abonnement van € 79,14 per maand (€ 65,40 exclusief btw) — een praktische manier om parkeren voor medewerkers te regelen zonder dat iedereen apart een dagkaart koopt.  Bekijk ook Parking P1 Zuidtangent, de grotere locatie aan de andere kant van het winkelcentrum met 794 plaatsen.",Ingang van parkeergarage P2 aan Middenwaard bij het winkelcentrum in Heerhugowaard,Overdekte parkeergarage met 551 plaatsen bij Winkelcentrum Middenwaard,"V: Is P2 Middenwaard 24 uur per dag open? A: Ja, in- en uitrijden kan de klok rond. Bij P1 Zuidtangent heeft de parkeerkelder wel beperkte openingstijden.  V: Wat is de doorrijhoogte? A: 2,10 meter — ruimer dan de 1,90 meter bij P1 Zuidtangent.  V: Wat kost een dag parkeren? A: € 1 per uur (€ 0,20 per 12 minuten), met een maximum van € 9 per dag.  V: Wat is het verschil met P1 Zuidtangent? A: P1 is groter (794 plaatsen) maar lager (1,90 m) en de kelder heeft beperkte openingstijden. P2 is 24 uur open en heeft 2,10 meter doorrijhoogte.",Stadspagina Parkeren Heerhugowaard Parking Heerhugowaard P1 Zuidtangent Zakelijk,237,331
59,Nijmegen,Parking Lentse plas,https://parkingyou.nl/nl/locaties/parking-lentse-plas/id=59,Pathé Nijmegen + recreatie Lentse Plas,"Parkeren Pathé Nijmegen en Lentse Plas: € 3,75 \",ParkingYou,59,"Parkeren naast Pathé Nijmegen en de Lentse Plas. Bioscoopbezoekers betalen € 3,75 voor vier uur, maximaal € 21,50 per dag. 335 plaatsen, 24 uur open.",149,Parkeren bij Pathé Nijmegen en de Lentse Plas,"Naast de bioscoop en het water € 3,75 als je naar de film gaat Overige tarieven Praktische informatie","Naast de bioscoop en het water Parking Lentse plas ligt aan de Willem van Arenbergstraat 4 in Nijmegen, op het terrein naast Pathé Nijmegen en de Lentse Plas. Dat is een prettige combinatie: ga je naar de film, dan sta je pal naast de ingang, en wil je in de zomer naar het water, dan zet je je auto hier neer en loop je naar de plas.  De parking heeft 335 plaatsen en is 24 uur per dag toegankelijk. Betalen kan met pin.   € 3,75 als je naar de film gaat Voor bioscoopbezoekers geldt een apart tarief: € 3,75 voor de eerste vier uur. Dat is genoeg voor een film met wat tijd eromheen voor een drankje. In de bioscoop kun je je parkeerkaart afwaarderen, zodat je bij het uitrijden het juiste tarief betaalt — vraag ernaar bij de balie.   Overige tarieven Kom je voor iets anders, dan betaal je € 1,10 per 20 minuten, met een maximumdagtarief van € 21,50. Voor een middag aan de Lentse Plas of een langer bezoek in de omgeving is dat het tarief waar je op moet rekenen.   Praktische informatie De parking is dag en nacht toegankelijk, dus ook na een late voorstelling kun je gewoon wegrijden. Er is geen hoogtebeperking vermeld, wat betekent dat ook hogere auto's, auto's met een dakkoffer en bestelbussen hier terechtkunnen — handig als je met een volle auto naar het water gaat.  Kom je vaker in deze omgeving? Bekijk dan het overzicht van onze locaties in de regio Gelderland; in Ede hebben we ook een parking naast een Pathé-vestiging, met een dagtarief van € 17,50.",Parkeerterrein aan de Willem van Arenbergstraat naast Pathé Nijmegen,Parkeerplaats bij de Lentse Plas en de bioscoop in Nijmegen,"V: Wat kost parkeren bij Pathé Nijmegen? A: Bioscoopbezoekers betalen € 3,75 voor de eerste vier uur. Je kunt je kaart in de bioscoop afwaarderen.  V: Wat is het dagtarief? A: € 1,10 per 20 minuten, met een maximum van € 21,50 per dag.  V: Is de parking 's nachts open? A: Ja, de parking is 24 uur per dag toegankelijk — ook na een late voorstelling.  V: Is er een hoogtebeperking? A: Op de pagina staat geen doorrijhoogte vermeld, wat betekent dat ook hogere auto's er terechtkunnen.",Stadspagina Regio Gelderland ParkingYou Pathé Ede Locaties,249,329
53,Rijswijk,Parking At the Park,https://parkingyou.nl/nl/locaties/parking-at-the-park/id=53,"Rijswijk, goedkoopste ParkingPass van allemaal",Parkeren Rijswijk centrum: dagkaart vanaf € 7 \,ParkingYou,58,"800 overdekte plaatsen aan het Kesslerpark in Rijswijk, zeven minuten van het station. Dagkaart vanaf € 7 en de voordeligste ParkingPass: 10 dagen € 80.",152,Parkeren bij At the Park aan het Kesslerpark in Rijswijk,De voordeligste dagkaart die we hebben 800 plaatsen en compleet uitgerust Zeven minuten van het station Praktische informatie,"De voordeligste dagkaart die we hebben Parking At the Park aan het Kesslerpark 1 in Rijswijk heeft het scherpste dagtarief van al onze locaties. Je betaalt € 1,85 per uur, en een dagkaart kost € 12 zonder reservering, € 9 met reservering en € 7 als je ruim vooraf boekt. Zeven euro voor een hele dag overdekt parkeren is minder dan je in de centra van Den Haag en Rotterdam voor een paar uur betaalt.  Ook de ParkingPass is hier het voordeligst: tien dagen voor € 80, oftewel € 8 per dag. Parkeer je hier vier dagen per week, dan ben je per maand minder kwijt dan een dagkaart in het centrum van Amsterdam kost.   800 plaatsen en compleet uitgerust De garage heeft 800 plaatsen, dus zoeken is hier niet nodig. Je staat overdekt en de garage is compleet uitgerust: cameratoezicht, een lift, laadpunten voor elektrische auto's en toegang voor rolstoelgebruikers. Betalen kan met pin, creditcard en via Easypark. In- en uitrijden kan 24 uur per dag, zeven dagen per week.  De doorrijhoogte is 2,18 meter — ruim genoeg voor de meeste SUV's en auto's met dakkoffer.   Zeven minuten van het station Je loopt vanaf de garage in zeven minuten naar het station, en het centrum van Rijswijk ligt eveneens op loopafstand. Die combinatie maakt deze locatie interessant voor forenzen: zet je auto hier neer voor € 7 tot € 9 per dag en reis met de trein door naar Den Haag, Delft of Rotterdam. Dat is aanzienlijk goedkoper dan doorrijden en in die steden parkeren.   Praktische informatie Voor wie hier dagelijks staat is er een 24/7-abonnement van € 174,40 per maand. Reserveren doe je online en werkt op kenteken: bij aankomst gaat de slagboom automatisch open.",Ingang van parkeergarage At the Park aan het Kesslerpark in Rijswijk,Overdekte parkeergarage met 800 plaatsen en laadpunten in Rijswijk,"V: Wat is de goedkoopste manier om hier te parkeren? A: Een dagkaart vanaf € 7 bij vroeg boeken, of een ParkingPass van tien dagen voor € 80 — dat is € 8 per dag.  V: Hoe ver is het lopen naar het station? A: Ongeveer zeven minuten. Het centrum van Rijswijk ligt ook op loopafstand.  V: Wat is de doorrijhoogte? A: 2,18 meter, ruim genoeg voor de meeste SUV's en auto's met een dakkoffer.  V: Kan ik hier elektrisch laden? A: Ja, er zijn laadpunten voor elektrische auto's aanwezig.",Stadspagina Regio Zuid-Holland ParkingPass Abonnementen,272,354
127,Rotterdam,Parking Diergaarde Blijdorp,https://parkingyou.nl/nl/locaties/parking-diergaarde-blijdorp/id=127,Attractie: dierentuin,"Parkeren Diergaarde Blijdorp: € 12,50 per dag \",ParkingYou,58,"Parkeren bij Diergaarde Blijdorp in Rotterdam voor een vast dagtarief van € 12,50. Direct inrijden zonder reserveren, abonnementhouders betalen € 8,50.",151,Parkeren bij Diergaarde Blijdorp in Rotterdam,"Een vast dagtarief bij de dierentuin Direct inrijden, geen reservering nodig Voordeel voor abonnementhouders Zo plan je je bezoek","Een vast dagtarief bij de dierentuin Ga je met het gezin naar Diergaarde Blijdorp? Dan wil je vooraf weten wat parkeren kost, en niet aan het eind van de dag verrast worden. Bij Parking Diergaarde Blijdorp aan de Blijdorplaan 5 betaal je een vast dagtarief van € 12,50 — of je nu twee uur blijft of de hele dag.  Dat is prettig rekenen bij een dagje uit. Je zet je auto neer, loopt naar de ingang en hoeft de rest van de dag niet meer aan de parkeermeter te denken.   Direct inrijden, geen reservering nodig Bij deze locatie kun je direct inrijden. Je hoeft dus niet vooraf online te boeken: rijd naar de slagboom, je kenteken wordt herkend en je rijdt naar binnen. Handig als je spontaan besluit om te gaan, of als je met meerdere auto's komt en niet weet wie er wanneer is. Betalen kan met pin en creditcard.   Voordeel voor abonnementhouders Heb je een abonnement bij ParkingYou, dan betaal je hier € 8,50 per dag in plaats van € 12,50. Kom je vaker in Blijdorp — bijvoorbeeld omdat je een jaarkaart voor de dierentuin hebt — dan is dat het verschil tussen wel en niet elke keer nadenken over de parkeerkosten.   Zo plan je je bezoek Diergaarde Blijdorp is op mooie dagen en in de vakanties druk, en dat geldt ook voor de parkeerplaatsen in de omgeving. Kom je op een zaterdag, zondag of in een schoolvakantie, dan is vroeg komen het slimste. Bekijk voor een compleet overzicht van onze parkeerlocaties in de stad de pagina over parkeren in Rotterdam — heb je een garage in het centrum nodig, dan liggen Parking Hofplein en Parking Europoint klaar.",Parkeerterrein bij Diergaarde Blijdorp aan de Blijdorplaan in Rotterdam,Auto's op de parkeerplaats van dierentuin Diergaarde Blijdorp in Rotterdam,"V: Wat kost parkeren bij Diergaarde Blijdorp? A: Een vast dagtarief van € 12,50. Met een ParkingYou-abonnement betaal je € 8,50.  V: Moet ik vooraf reserveren? A: Nee, je kunt hier direct inrijden. Je kenteken wordt bij de slagboom herkend.  V: Hoe kan ik betalen? A: Met pin en creditcard.  V: Is er ook een tarief per uur? A: Nee, hier geldt één vast dagtarief — of je twee uur of de hele dag blijft.",Stadspagina Parkeren Rotterdam Abonnementen Parking Hofplein,258,325
11,Rotterdam,Parking Europoint,https://parkingyou.nl/nl/locaties/parking-europoint/id=11,"Grootste garage, tussen Rotterdam en Schiedam",Parkeren Rotterdam West vanaf € 12 per dag \,ParkingYou,55,Onze grootste garage: 1.133 overdekte plaatsen aan de Marconistraat in Rotterdam-West. Maximaal € 15 per dag en vanaf € 12 bij vroeg boeken. 24 uur open.,153,Parkeren bij Europoint aan de Marconistraat in Rotterdam,1.133 plaatsen — altijd een plek Tarieven en ParkingPass Abonnementen vanaf € 95 per maand Praktische informatie,"1.133 plaatsen — altijd een plek Parking Europoint aan de Marconistraat 16 is met 1.133 plaatsen onze grootste parkeergarage. Dat betekent in de praktijk: je hoeft hier nooit te rekenen op zoeken. Ook op een drukke werkdag of tijdens een evenement in de omgeving rijd je binnen en vind je plek.  De garage ligt aan de westkant van Rotterdam, tussen Rotterdam en Schiedam, bij de Europoint-torens die veel Rotterdammers nog kennen als de Lee Towers. Je staat overdekt, er is cameratoezicht en de garage is 24 uur per dag toegankelijk. Betalen kan met pin, contant en creditcard.   Tarieven en ParkingPass Je betaalt € 1,50 per 30 minuten met een maximumdagtarief van € 15. Reserveer je online, dan kost een dagkaart € 14, en wie ruim vooraf boekt betaalt € 12. Voor het formaat en de ligging van deze garage is dat scherp: in het centrum van Rotterdam ben je voor een hele dag al snel het dubbele kwijt.  Sta je hier regelmatig, dan haal je met een ParkingPass tien dagen voor € 100. Dat is € 10 per dag.   Abonnementen vanaf € 95 per maand Voor wie hier vast staat zijn er twee abonnementen. Een 24/7-abonnement kost € 145 per maand. Bewoners van de omliggende complexen betalen € 95 per maand — een van de laagste maandtarieven die we in de Rotterdamse regio hebben. Wil je weten of je in aanmerking komt voor het bewonerstarief? Neem contact met ons op.   Praktische informatie De doorrijhoogte is 2,10 meter. De garage ligt op korte afstand van Schiedam en is goed bereikbaar vanaf de A20 en de Tjalklaan. Reserveren doe je online; je kenteken wordt bij de slagboom herkend.",Ingang van parkeergarage Europoint aan de Marconistraat in Rotterdam,Overdekte parkeergarage met 1.133 plaatsen bij de Europoint-torens in Rotterdam,"V: Hoeveel parkeerplaatsen heeft Parking Europoint? A: 1.133 overdekte plaatsen. Het is daarmee onze grootste garage.  V: Wat kost een dag parkeren? A: Maximaal € 15 zonder reservering, € 14 met reservering en € 12 als je ruim vooraf boekt.  V: Wie komt in aanmerking voor het bewonersabonnement van € 95? A: Bewoners van de omliggende complexen. Neem contact met ons op om te horen of jouw adres daaronder valt.  V: Ligt de garage dichter bij Rotterdam of bij Schiedam? A: De garage ligt tussen beide steden in, aan de westkant van Rotterdam, op korte afstand van Schiedam.",Stadspagina Parkeren Rotterdam ParkingYou P+R Schiedam Centrum Abonnementen,259,349
9,Rotterdam,Parking Hofplein,https://parkingyou.nl/nl/locaties/parking-hofplein/id=9,"Centrum Rotterdam, weekend- en nachttarief",Parkeren Hofplein Rotterdam: weekend € 15 \,ParkingYou,54,"Overdekt parkeren aan het Hofplein in het centrum van Rotterdam. In het weekend maximaal € 15 per dag, 's nachts € 15. 300 plaatsen met cameratoezicht.",151,Parkeren aan het Hofplein in het centrum van Rotterdam,Midden in het centrum van Rotterdam In het weekend en 's nachts flink goedkoper Tarieven op werkdagen Praktische informatie,"Midden in het centrum van Rotterdam Parking Hofplein ligt aan het Hofplein 20, op een van de bekendste plekken van Rotterdam. Je staat hier op ongeveer acht minuten lopen van het centrum, met de Lijnbaan, de Koopgoot en het Schouwburgplein binnen wandelafstand. De garage heeft 300 overdekte plaatsen, cameratoezicht, een lift en is toegankelijk voor rolstoelgebruikers. In- en uitrijden kan 24 uur per dag.   In het weekend en 's nachts flink goedkoper Hier zit het echte voordeel van deze garage. Op zaterdag en zondag geldt een maximumtarief van € 15 voor een hele dag. Ook 's nachts, tussen 00.00 en 09.00 uur, betaal je maximaal € 15. Ga je in het weekend shoppen in Rotterdam of blijf je een nacht in de stad, dan parkeer je hier dus voor een bedrag waar je in de binnenstad nog geen halve dag mee vooruit komt.   Tarieven op werkdagen Van maandag tot en met vrijdag betaal je € 2,00 per 30 minuten. Voor een hele werkdag is het dagtarief € 30 zonder reservering. Reserveer je online, dan betaal je € 25, en wie ruim vooraf boekt komt uit op € 20. Reserveren scheelt dus tot een derde van de prijs.  Parkeer je hier vaker, dan kost een ParkingPass tien dagen € 200. Voor een vaste plek zijn er abonnementen: € 280 per maand voor kantoorgebruik en € 330 per maand voor 24/7-toegang.   Praktische informatie De doorrijhoogte is 2,10 meter, behalve op de tweede etage: daar is het 2,05 meter. Rond de garage zijn wegwerkzaamheden aan de gang, maar de garage blijft altijd bereikbaar — volg de borden ter plaatse.  Reserveren doe je online en werkt op kenteken: bij aankomst gaat de slagboom automatisch open, je hoeft geen ticket te trekken.",Ingang van parkeergarage Hofplein in het centrum van Rotterdam,Overdekte parkeergarage met 300 plaatsen aan het Hofplein in Rotterdam,"V: Wat kost parkeren in het weekend? A: Op zaterdag en zondag geldt een maximumtarief van € 15 voor een hele dag.  V: Is er een nachttarief? A: Ja, tussen 00.00 en 09.00 uur betaal je maximaal € 15.  V: Hoeveel scheelt online reserveren? A: Op werkdagen kost een dagkaart € 30 zonder reservering, € 25 met reservering en € 20 bij vroeg boeken.  V: Is de garage bereikbaar tijdens de wegwerkzaamheden? A: Ja. Rond de garage vinden werkzaamheden plaats, maar de garage is altijd bereikbaar. Volg de borden ter plaatse.",Stadspagina Parkeren Rotterdam ParkingPass Abonnementen,268,351
129,Rotterdam,Parking Maashaven,https://parkingyou.nl/nl/locaties/parking-maashaven/id=129,"Evenementen Maassilo, eerste 2 uur gratis",Parkeren Maassilo Rotterdam: 2 uur gratis \,ParkingYou,54,"Parkeren aan de Maashaven Zuidzijde in Rotterdam-Zuid, zeven minuten lopen van evenementenlocatie Maassilo. Eerste twee uur gratis, 95 plaatsen.",144,Parkeren bij de Maassilo aan de Maashaven Zuidzijde,Zeven minuten van de Maassilo De eerste twee uur zijn gratis Openingstijden: let op de avonduren Praktische informatie,"Zeven minuten van de Maassilo Parking Maashaven ligt aan de Maashaven Zuidzijde 100, in Rotterdam-Zuid. Ga je naar een evenement in de Maassilo, dan loop je vanaf hier in zeven minuten naar de deur. Voor een avond in een van de bekendste clubs en evenementenlocaties van de stad is dit dus een van de dichtstbijzijnde plekken om je auto neer te zetten.  De parking heeft 95 plaatsen en er zijn gehandicaptenplekken aanwezig. Je kunt direct inrijden zonder te reserveren, en betalen kan met pin en creditcard.   De eerste twee uur zijn gratis Kom je even iets afleveren, ophalen of eten in de buurt? De eerste twee uur parkeer je hier gratis. Blijf je langer, dan gaat het tarief lopen — reken vooraf uit of een langer bezoek hier de handigste optie is, of kijk naar een van onze andere Rotterdamse locaties.   Openingstijden: let op de avonduren Deze parking is niet 24 uur per dag open, en dat is belangrijk als je naar een avondevenement gaat. Van maandag tot en met vrijdag kun je hier terecht tussen 07.00 en 23.00 uur. Op zaterdag is dat 09.00 tot 18.00 uur en op zondag 09.00 tot 17.00 uur.  Duurt je avond in de Maassilo langer dan tot 23.00 uur, kies dan een locatie die de klok rond open is — bijvoorbeeld Parking Hofplein in het centrum of Parking Europoint aan de westkant van de stad. Beide zijn 24 uur per dag toegankelijk.   Praktische informatie De doorrijhoogte is 2,05 meter. De Maashaven ligt aan de zuidoever van de Maas, met metrostation Maashaven op korte afstand — je kunt hier dus ook je auto neerzetten en met de metro het centrum in.",Parkeerterrein aan de Maashaven Zuidzijde in Rotterdam-Zuid,Parkeerplaats op zeven minuten lopen van evenementenlocatie Maassilo in Rotterdam,"V: Zijn de eerste twee uur echt gratis? A: Ja, de eerste twee uur parkeer je hier gratis. Daarna gaat het reguliere tarief lopen.  V: Tot hoe laat is de parking open? A: Maandag tot en met vrijdag tot 23.00 uur, op zaterdag tot 18.00 uur en op zondag tot 17.00 uur. Ga je naar een laat evenement, kies dan een locatie die 24 uur open is.  V: Hoe ver is het lopen naar de Maassilo? A: Ongeveer zeven minuten.  V: Moet ik reserveren? A: Nee, je kunt hier direct inrijden.",Stadspagina Parkeren Rotterdam Parking Hofplein Parking Europoint,256,339
1,Rotterdam,Parking Shopping Center,https://parkingyou.nl/nl/locaties/parking-shopping-center/id=1,Winkelcentrum Alexandrium,Parkeren Alexandrium Rotterdam: eerste uur € 1 \,ParkingYou,59,"Overdekt parkeren bij Alexandrium in Rotterdam. Eerste uur € 1, dagkaart vanaf € 9. Drie minuten lopen naar de winkels, 129 plaatsen, pin en creditcard.",152,Parkeren bij Alexandrium aan de Watermanweg,Drie minuten van de winkels Het eerste uur kost € 1 Voordeliger dan je denkt voor een hele dag Praktische informatie,"Drie minuten van de winkels Parking Shopping Center ligt aan de Watermanweg 120, bij het Alexandrium in Rotterdam-Alexander. Ga je shoppen, dan sta je hier op drie minuten lopen van de winkels. De garage is overdekt, dus je loopt met je boodschappen niet in de regen, en er zijn 129 plaatsen — klein genoeg om snel in en uit te rijden. Het terrein is toegankelijk voor rolstoelgebruikers en betalen kan met pin en creditcard. In- en uitrijden kan 24 uur per dag.   Het eerste uur kost € 1 Kom je even snel iets halen? Dan betaal je voor het eerste uur maar € 1. Daarna is het tarief € 1,25 per 30 minuten. Voor een korte boodschap is dit daarmee een van de voordeligste plekken in Rotterdam-Alexander om te parkeren.   Voordeliger dan je denkt voor een hele dag Blijf je langer, bijvoorbeeld voor een middag shoppen of omdat je in de buurt werkt, dan is een dagkaart interessanter. Die kost € 12,50 zonder reservering, € 11 met reservering en € 9 als je ruim vooraf boekt. Met een ParkingPass haal je tien dagen voor € 100 of vijfentwintig dagen voor € 225 — dat komt uit op € 9 per dag.  Voor wie hier dagelijks staat is er een 24/7-abonnement van € 190 per maand, inclusief € 5 servicekosten.   Praktische informatie De doorrijhoogte is 2,00 meter, dus met een dakkoffer of fietsendrager op het dak kom je er niet in. Ben je een winkelier of bedrijf in de buurt en wil je parkeren voor je klanten of medewerkers regelen? Dan kun je waardekaarten bij ons bestellen — neem daarvoor contact op met ons kantoor.  Reserveren doe je online en werkt op kenteken.",Ingang van parkeergarage Shopping Center aan de Watermanweg bij Alexandrium in Rotterdam,Overdekte parkeerplaatsen op drie minuten lopen van het Alexandrium in Rotterdam,"V: Wat kost het eerste uur? A: Het eerste uur kost € 1. Daarna betaal je € 1,25 per 30 minuten.  V: Hoe ver is het lopen naar Alexandrium? A: Ongeveer drie minuten. Je loopt overdekt weg vanaf de garage.  V: Wat is de goedkoopste dagkaart? A: € 9 als je ruim vooraf boekt. Zonder reservering betaal je € 12,50, met reservering € 11.  V: Kan ik parkeren voor mijn klanten regelen? A: Ja, bedrijven en winkeliers kunnen waardekaarten bestellen. Neem daarvoor contact met ons op.",Stadspagina Parkeren Rotterdam ParkingPass Zakelijk: waardekaarten,259,337
63,Schiedam,ParkingYou P+R Schiedam Centrum,https://parkingyou.nl/nl/locaties/parkingyou-p-r-schiedam-centrum/id=63,"P+R bij station, OV-tarief","P+R Schiedam Centrum vanaf € 3,64 per dag \",ParkingYou,54,"P+R parkeren bij Schiedam Centraal: vanaf € 3,64 per dag met je OV-chipkaart. Vier minuten lopen naar het station, 759 overdekte plaatsen met lift.",147,P+R parkeren bij Schiedam Centrum,"Vier minuten van Schiedam Centraal Met je OV-chipkaart voor € 3,64 per dag Andere tarieven Openingstijden en praktische informatie","Vier minuten van Schiedam Centraal ParkingYou P+R Schiedam Centrum ligt aan de Noorderweg 20, op vier minuten lopen van station Schiedam Centraal. Vanaf daar zit je met de trein of de metro binnen een paar minuten in Rotterdam en met de Intercity snel richting Den Haag. Voor wie de auto liever buiten de stad laat staan is dit een van de slimste plekken in de regio.  De garage heeft 759 plaatsen, is overdekt en beschikt over cameratoezicht, een lift en toegang voor rolstoelgebruikers.   Met je OV-chipkaart voor € 3,64 per dag Het P+R-tarief is de reden dat mensen hier komen: met een geldige OV-chipkaart, NS-Business Card of e-ticket betaal je € 3,64 voor een hele dag. Daarvoor kun je in Rotterdam of Den Haag nog geen half uur op straat staan.  Let wel op de voorwaarde: het P+R-tarief geldt alleen van maandag tot en met vrijdag, bij inrijden tussen 05.15 en 19.00 uur. Kom je in het weekend of later op de avond, dan geldt het reguliere tarief.   Andere tarieven Zonder OV-bewijs betaal je € 1,25 per 20 minuten, met een maximumdagtarief van € 23. Bezoek je de bioscoop, dan is er een apart tarief: voor de eerste vier uur betaal je € 3,75. Voor wie er structureel staat is er een abonnement van € 232 per maand, inclusief € 5 servicekosten.   Openingstijden en praktische informatie De garage is niet de hele nacht open. Van zondag tot en met donderdag kun je terecht tussen 05.15 en 01.00 uur; op vrijdag en zaterdag tot 02.00 uur. Plan je terugreis daar dus op — mis je de laatste trein, dan kun je je auto pas de volgende ochtend om 05.15 uur weer ophalen.  De doorrijhoogte is 2,00 meter.",Ingang van de P+R parkeergarage aan de Noorderweg bij Schiedam Centraal,Overdekte P+R garage met 759 plaatsen op vier minuten lopen van station Schiedam Centraal,"V: Wat kost P+R parkeren bij Schiedam Centraal? A: € 3,64 per dag met een geldige OV-chipkaart, NS-Business Card of e-ticket. Dit tarief geldt van maandag tot en met vrijdag bij inrijden tussen 05.15 en 19.00 uur.  V: Geldt het P+R-tarief ook in het weekend? A: Nee. In het weekend en buiten de genoemde uren geldt het reguliere tarief van € 1,25 per 20 minuten met een maximum van € 23 per dag.  V: Hoe ver is het lopen naar het station? A: Ongeveer vier minuten naar station Schiedam Centraal.  V: Tot hoe laat kan ik mijn auto ophalen? A: Van zondag tot en met donderdag tot 01.00 uur, op vrijdag en zaterdag tot 02.00 uur. Daarna gaat de garage om 05.15 uur weer open.",Stadspagina Regio Zuid-Holland Parking Europoint Abonnementen,269,386
77,Tilburg,Parking Pakhuis,https://parkingyou.nl/nl/locaties/parking-pakhuis/id=77,"Abonnement — Tilburg, overdekt",Parkeerplaats huren Tilburg vanaf € 90 p/m \,ParkingYou,55,"Overdekte vaste parkeerplaats aan de Broekhovenseweg in Tilburg. Bewoners betalen € 90 per maand, anderen € 120. Dag en nacht toegankelijk voor abonnees.",153,Vaste parkeerplaats huren bij Parking Pakhuis in Tilburg,"Overdekt, en dat is hier het punt Bewoners betalen € 90 per maand Voorwaarden Alleen voor abonnees","Overdekt, en dat is hier het punt Parking Pakhuis ligt aan de Broekhovenseweg 130 in Tilburg, ten zuidoosten van het centrum. Wat deze locatie onderscheidt van veel andere vaste plekken in deze prijsklasse is dat je overdekt staat. Je auto blijft droog, je hoeft in de winter niet te krabben en in de zomer stap je niet in een oven. Voor het bedrag dat je hier betaalt is dat bepaald geen standaard.  De locatie is 24 uur per dag toegankelijk en bereikbaar voor rolstoelgebruikers.   Bewoners betalen € 90 per maand Er zijn twee tarieven. Een 24/7-abonnement kost € 120 per maand. Woon je in de directe omgeving, dan is er een bewonerstarief van € 90 per maand. Dat is € 3 per dag voor een eigen overdekte plek, dag en nacht.  In de buurten rond de Broekhovenseweg is de parkeerdruk in de avond flink, en een plek voor de deur is geen gegeven. Met een abonnement heb je die zoektocht niet meer. Wil je weten of jouw adres in aanmerking komt voor het bewonerstarief? Neem contact met ons op.   Voorwaarden Je rijdt onbeperkt in en uit met je eigen toegangsmiddel. De minimale looptijd van een abonnement is drie maanden, met een opzegtermijn van één maand. Eenmalig betaal je administratiekosten en een bedrag voor je pas of tag. Aanvragen doe je online.   Alleen voor abonnees Parking Pakhuis kent geen uur- of dagtarief en is uitsluitend toegankelijk voor abonnees. Kom je eenmalig naar Tilburg, dan kun je hier niet terecht — bekijk in dat geval het overzicht van onze locaties in Tilburg en omgeving.",Ingang van de overdekte parkeerlocatie Pakhuis aan de Broekhovenseweg in Tilburg,Overdekte vaste parkeerplaatsen voor abonnees in Tilburg,"V: Wat kost een vaste parkeerplaats in Tilburg? A: € 120 per maand voor een 24/7-abonnement. Bewoners van de directe omgeving betalen € 90 per maand.  V: Sta ik hier overdekt? A: Ja, Parking Pakhuis is een overdekte locatie.  V: Kan ik hier eenmalig parkeren? A: Nee, de locatie is uitsluitend toegankelijk voor abonnees.  V: Kom ik in aanmerking voor het bewonerstarief? A: Dat hangt af van je adres. Neem contact met ons op en we kijken het na.",Abonnementen Stadspagina Parkeren Tilburg Locaties,245,316
75,Utrecht,Parking Vliegend Hert,https://parkingyou.nl/nl/locaties/parking-vliegend-hert/id=75,Abonnement — Utrecht buiten het centrum,Parkeerplaats huren Utrecht Kanaleneiland \,ParkingYou,54,"Vaste parkeerplaats aan de Vliegend Hertlaan in Utrecht, net buiten het centrum, voor € 145 per maand. 24 uur per dag toegankelijk. Alleen voor abonnees.",153,Vaste parkeerplaats huren aan de Vliegend Hertlaan in Utrecht,Net buiten het centrum van Utrecht Waarom dat een voordeel is Tarief en voorwaarden Alleen voor abonnees,"Net buiten het centrum van Utrecht Parking Vliegend Hert ligt aan de Vliegend Hertlaan 1-203 in Utrecht, in het kantorengebied Kanaleneiland-Noord net buiten het centrum. Voor € 145 per maand, inclusief € 5 servicekosten, heb je hier een eigen parkeerplaats die dag en nacht toegankelijk is.  De locatie is bereikbaar voor rolstoelgebruikers en je rijdt in en uit met je eigen toegangsmiddel, 24 uur per dag.   Waarom dat een voordeel is Utrecht is een van de duurste steden van Nederland om te parkeren, en in de binnenstad is een vaste plek nauwelijks te krijgen. Net buiten het centrum staan is daarom voor veel mensen de praktische oplossing: je auto staat op een vaste plek, en het laatste stuk naar de binnenstad doe je met de fiets, de tram of de bus. Utrecht is uitstekend uitgerust voor precies die combinatie.  Voor wie in het kantorengebied rond de Vliegend Hertlaan werkt, is de rekensom nog eenvoudiger: je staat gewoon naast je werk.   Tarief en voorwaarden Het abonnement kost € 145 per maand, inclusief servicekosten. De minimale looptijd is drie maanden bij een opzegtermijn van één maand. Eenmalig betaal je administratiekosten en een bedrag voor je toegangspas of -tag. Een abonnement vraag je online aan.   Alleen voor abonnees Parking Vliegend Hert is uitsluitend toegankelijk voor abonnees. Er is geen uur- of dagtarief, dus voor een eenmalig bezoek aan Utrecht kun je hier niet terecht. Bekijk in dat geval het overzicht van onze locaties — in de regio hebben we onder andere garages in Rijswijk, Schiedam en Zoetermeer waar je per uur of per dag kunt parkeren.",Parkeerlocatie aan de Vliegend Hertlaan in Utrecht,Vaste parkeerplaatsen voor abonnees net buiten het centrum van Utrecht,"V: Wat kost een vaste parkeerplaats in Utrecht? A: € 145 per maand, inclusief € 5 servicekosten.  V: Kan ik hier per uur of per dag parkeren? A: Nee, deze locatie is uitsluitend toegankelijk voor abonnees.  V: Is de locatie 's nachts toegankelijk? A: Ja, abonnees kunnen 24 uur per dag in- en uitrijden.  V: Hoe kom ik vanaf hier in het centrum? A: Met de fiets, tram of bus. De locatie ligt net buiten het centrum in het kantorengebied Kanaleneiland-Noord.",Abonnementen Stadspagina Parkeren Utrecht Locaties,245,318
109,Zoetermeer,Parking P1 Belgielaan,https://parkingyou.nl/nl/locaties/parking-p1-belgielaan-/id=109,"Ruimste doorrijhoogte in Stadshart, beperkte inrijtijden",P1 Belgielaan Zoetermeer: 2 min van Stadshart \,ParkingYou,58,"Overdekt parkeren aan de Belgielaan in Zoetermeer, twee minuten van het Stadshart. Eerste twee uur gratis, laadpunt en lift aanwezig. 326 plaatsen.",147,Parkeren bij P1 Belgielaan in Stadshart Zoetermeer,Twee minuten van het Stadshart Eerste twee uur gratis Let op de inrijtijden Praktische informatie en abonnementen,"Twee minuten van het Stadshart Parking P1 aan de Belgielaan 2 is een van de garages waar je in twee minuten het Stadshart van Zoetermeer inloopt. De garage heeft 326 overdekte plaatsen, laadpunten voor elektrische auto's, een lift en is toegankelijk voor rolstoelgebruikers.  Met een doorrijhoogte van 2,00 meter is dit samen met P2 Onderlangs de ruimste garage van het Stadshart. Rijd je een wat hogere auto, dan is dit de plek waar je zonder gepuzzel naar binnen rijdt — bij P4 Luxemburglaan en P5 Amsterdamstraat is dat maar 1,90 meter.   Eerste twee uur gratis De eerste twee uur parkeer je gratis. Daarna betaal je € 3 per uur, met een maximum van € 15 voor een hele dag. Voor een boodschap in het Stadshart of een terras op de Promenade betaal je hier dus niets. Betalen kan met pin en creditcard.   Let op de inrijtijden Inrijden kan hier niet op elk moment. Van maandag tot en met donderdag kun je naar binnen tussen 07.00 en 19.00 uur, op vrijdag tot 21.00 uur, en in het weekend tussen 07.00 en 19.00 uur. Uitrijden kan altijd, 24 uur per dag.  Kom je later op de avond — bijvoorbeeld voor een voorstelling of een avond uit — kies dan P2 Bovenlangs, P2 Onderlangs, P4 Luxemburglaan of P9 Duitslandlaan. Die garages zijn dag en nacht toegankelijk.   Praktische informatie en abonnementen Er zijn drie abonnementen: € 271,31 per maand voor 24/7-toegang en € 212,57 per maand voor kantoor of winkel, plus € 12,31 per maand voor een extra pas. Het winkelabonnement is uitsluitend voor winkeliers in het Stadshart.",Ingang van parkeergarage P1 aan de Belgielaan in Stadshart Zoetermeer,Overdekte parkeerplaatsen met laadpunt bij P1 Belgielaan in Zoetermeer,"V: Tot hoe laat kan ik inrijden bij P1? A: Maandag tot en met donderdag tot 19.00 uur, op vrijdag tot 21.00 uur en in het weekend tot 19.00 uur. Uitrijden kan altijd.  V: Wat is de doorrijhoogte? A: 2,00 meter — samen met P2 Onderlangs de ruimste van het Stadshart.  V: Zijn de eerste twee uur gratis? A: Ja. Daarna € 3 per uur, met een maximum van € 15 per dag.  V: Welke garage is 's avonds laat open? A: P2 Bovenlangs, P2 Onderlangs, P4 Luxemburglaan en P9 Duitslandlaan zijn 24 uur per dag toegankelijk.",Stadspagina Parkeren Zoetermeer Parking P9 Duitslandlaan Abonnementen,246,335
111,Zoetermeer,Parking P2 Bovenlangs,https://parkingyou.nl/nl/locaties/parking-p2-bovenlangs/id=111,"24/7, laagste doorrijhoogte — let op",Parkeren P2 Bovenlangs Zoetermeer: 448 plekken \,ParkingYou,59,"Overdekt parkeren aan Bovenlangs in Stadshart Zoetermeer, 24 uur per dag open met lift en laadpunt. Eerste twee uur gratis. Doorrijhoogte 1,95 m.",145,Parkeren bij P2 Bovenlangs in Stadshart Zoetermeer,"Let op: 1,95 meter doorrijhoogte Eerste twee uur gratis Laadpunt, lift en 24 uur per dag open Abonnementen","Let op: 1,95 meter doorrijhoogte Voordat je hier naartoe rijdt: de doorrijhoogte bij P2 Bovenlangs is 1,95 meter. Dat is lager dan bij de meeste garages in Stadshart Zoetermeer. Rijd je een hogere auto, een SUV, of heb je een dakkoffer of fietsendrager op het dak, kies dan P2 Onderlangs of P1 Belgielaan — daar is 2,00 meter mogelijk. Past je auto wel? Dan is dit een van de fijnste garages van het Stadshart.   Eerste twee uur gratis De eerste twee uur parkeer je gratis. Daarna kost het € 3 per uur, met een maximum van € 15 voor een hele dag. Je loopt vanaf de garage in twee minuten naar het Stadshart met de Promenade en de winkels, dus voor een korte boodschap ben je hier gratis klaar.   Laadpunt, lift en 24 uur per dag open P2 Bovenlangs heeft 448 overdekte plaatsen en is compleet uitgerust: er zijn laadpunten voor elektrische auto's, een lift, en de garage is toegankelijk voor rolstoelgebruikers. In- en uitrijden kan 24 uur per dag — je hebt hier dus geen last van beperkte inrijtijden zoals bij P1, P5 en P8 in het Stadshart.  Voor wie elektrisch rijdt en in het Stadshart moet zijn, is dit daarmee een van de logischste keuzes: je laadt terwijl je boodschappen doet.   Abonnementen Voor vaste gebruikers zijn er drie abonnementen: € 271,31 per maand voor 24/7-toegang en € 212,57 per maand voor kantoor- of winkelgebruik. Een extra abonnementspas kost € 12,31 per maand. Het winkelabonnement is alleen beschikbaar voor winkeliers in het Stadshart.",Ingang van parkeergarage P2 Bovenlangs in Stadshart Zoetermeer,Laadpunt voor elektrische auto's in parkeergarage P2 Bovenlangs in Zoetermeer,"V: Wat is de doorrijhoogte bij P2 Bovenlangs? A: 1,95 meter. Is je auto hoger, kies dan P2 Onderlangs of P1 Belgielaan met 2,00 meter.  V: Kan ik hier elektrisch laden? A: Ja, er zijn laadpunten voor elektrische auto's aanwezig.  V: Is de garage 's nachts open? A: Ja, in- en uitrijden kan 24 uur per dag.  V: Zijn de eerste twee uur gratis? A: Ja. Daarna betaal je € 3 per uur, met een maximum van € 15 per dag.",Stadspagina Parkeren Zoetermeer Parking P2 Onderlangs Abonnementen,236,309
113,Zoetermeer,Parking P2 Onderlangs,https://parkingyou.nl/nl/locaties/parking-p2-onderlangs/id=113,"Compact, direct inrijden",P2 Onderlangs Zoetermeer: direct inrijden \,ParkingYou,54,"Compacte overdekte garage aan Onderlangs in Stadshart Zoetermeer. Direct inrijden zonder reserveren, eerste twee uur gratis, 24 uur per dag open.",145,Parkeren bij P2 Onderlangs in Stadshart Zoetermeer,"Snel in en snel uit Direct inrijden, geen reservering nodig Eerste twee uur gratis Praktische informatie en abonnementen","Snel in en snel uit Parking P2 Onderlangs aan Onderlangs 2 is met 287 plaatsen de kleinste garage van Stadshart Zoetermeer. Dat klinkt als een nadeel, maar in de praktijk is het vaak juist prettig: kortere rijafstand van de slagboom naar een vrije plek, en geen file bij het uitrijden op een koopavond. Voor wie even snel iets in het Stadshart moet doen, is dit de handigste garage van het cluster.  Je staat overdekt, er zijn laadpunten voor elektrische auto's, een lift en de garage is toegankelijk voor rolstoelgebruikers. In- en uitrijden kan 24 uur per dag.   Direct inrijden, geen reservering nodig Bij deze garage kun je direct inrijden. Je hoeft niets vooraf te boeken: je rijdt naar de slagboom en naar binnen. Handig als je spontaan besluit naar het Stadshart te gaan.   Eerste twee uur gratis De eerste twee uur zijn gratis. Blijf je langer, dan betaal je € 3 per uur met een maximum van € 15 per dag. Je loopt vanaf de garage in twee minuten naar de Promenade en de winkels van het Stadshart.   Praktische informatie en abonnementen De doorrijhoogte is 2,00 meter — iets ruimer dan bij P2 Bovenlangs (1,95 m), P4 Luxemburglaan en P5 Amsterdamstraat (beide 1,90 m). Rijd je een wat hogere auto en wil je in het Stadshart staan, dan is dit samen met P1 Belgielaan je beste optie.  Voor vaste gebruikers: € 271,31 per maand voor 24/7-toegang, € 212,57 per maand voor kantoor of winkel, en € 12,31 per maand voor een extra abonnementspas. Het winkelabonnement is voorbehouden aan winkeliers in het Stadshart.",Ingang van parkeergarage P2 Onderlangs in Stadshart Zoetermeer,Compacte overdekte parkeergarage met 287 plaatsen in het Stadshart van Zoetermeer,"V: Moet ik vooraf reserveren? A: Nee, bij P2 Onderlangs kun je direct inrijden.  V: Wat is de doorrijhoogte? A: 2,00 meter — iets ruimer dan bij P2 Bovenlangs, P4 en P5 in het Stadshart.  V: Hoeveel plaatsen zijn er? A: 287 plaatsen. Het is de compactste garage van Stadshart Zoetermeer, waardoor je snel in- en uitrijdt.  V: Zijn de eerste twee uur gratis? A: Ja. Daarna € 3 per uur, met een maximum van € 15 per dag.",Stadspagina Parkeren Zoetermeer Parking P2 Bovenlangs Parking P1 Belgielaan,247,318
115,Zoetermeer,Parking P4 Luxemburglaan,https://parkingyou.nl/nl/locaties/parking-p4-luxemburglaan/id=115,"24/7, ruim, lage doorrijhoogte",P4 Luxemburglaan Zoetermeer: 24 uur open \,ParkingYou,53,"453 overdekte plaatsen aan de Luxemburglaan in Stadshart Zoetermeer, 24 uur per dag toegankelijk. Eerste twee uur gratis. Doorrijhoogte 1,90 m.",143,Parkeren bij P4 Luxemburglaan in Stadshart Zoetermeer,"Ruim en de klok rond open Let op: 1,90 meter doorrijhoogte Eerste twee uur gratis Abonnementen en voorzieningen","Ruim en de klok rond open Parking P4 aan de Luxemburglaan 1 combineert twee dingen die je in Stadshart Zoetermeer niet overal samen krijgt: 453 overdekte plaatsen én in- en uitrijden 24 uur per dag. Verschillende andere garages in het Stadshart sluiten hun inrit in de avond; hier kun je op elk moment naar binnen.  Dat maakt P4 een goede keuze als je 's avonds in het Stadshart bent, of als je vroeg in de ochtend weg moet. Je loopt vanaf de garage in twee minuten naar de Promenade en de winkels.   Let op: 1,90 meter doorrijhoogte De doorrijhoogte is hier 1,90 meter, de laagste binnen het Stadshart-cluster samen met P5 Amsterdamstraat. Rijd je een SUV, een hogere stationwagen, of heb je een dakkoffer of fietsendrager op het dak, dan past je auto er waarschijnlijk niet in. Kies dan P1 Belgielaan of P2 Onderlangs; daar is 2,00 meter mogelijk.   Eerste twee uur gratis De eerste twee uur zijn gratis. Daarna betaal je € 3 per uur, met een maximum van € 15 voor een hele dag. Voor een korte boodschap of een lunch in het Stadshart betaal je dus niets.   Abonnementen en voorzieningen De garage heeft laadpunten voor elektrische auto's, een lift en is toegankelijk voor rolstoelgebruikers. Voor vaste gebruikers zijn er drie abonnementen: € 271,31 per maand voor 24/7-toegang en € 212,57 per maand voor kantoor- of winkelgebruik, plus € 12,31 per maand voor een extra abonnementspas. Het winkelabonnement is voorbehouden aan winkeliers in het Stadshart.",Ingang van parkeergarage P4 aan de Luxemburglaan in Stadshart Zoetermeer,Overdekte parkeergarage met 453 plaatsen aan de Luxemburglaan in Zoetermeer,"V: Is P4 dag en nacht open? A: Ja, in- en uitrijden kan 24 uur per dag.  V: Wat is de doorrijhoogte? A: 1,90 meter — de laagste in het Stadshart, samen met P5 Amsterdamstraat. Rijd je hoger, kies dan P1 Belgielaan of P2 Onderlangs.  V: Hoeveel plaatsen zijn er? A: 453 overdekte plaatsen.  V: Wat kost parkeren? A: De eerste twee uur zijn gratis, daarna € 3 per uur met een maximum van € 15 per dag.",Stadspagina Parkeren Zoetermeer Parking P1 Belgielaan Abonnementen,231,301
117,Zoetermeer,Parking P5 Amsterdamstraat,https://parkingyou.nl/nl/locaties/parking-p5-amsterdamstraat-/id=117,"Beperkte inrijtijden, overdag shoppen",P5 Amsterdamstraat Zoetermeer: 2 uur gratis \,ParkingYou,56,"Overdekt parkeren aan de Amsterdamstraat in Stadshart Zoetermeer. Eerste twee uur gratis, laadpunt en lift. 439 plaatsen, inrijden tot 19.00 uur.",145,Parkeren bij P5 Amsterdamstraat in Stadshart Zoetermeer,"Boodschappen doen zonder gesleep Twee uur gratis, daarna € 3 per uur Laden terwijl je shopt Voor je komt: hoogte en inrijtijden","Boodschappen doen zonder gesleep Parking P5 aan de Amsterdamstraat 5 heeft 439 overdekte plaatsen en beschikt over een lift. Dat laatste is hier het praktische verschil met sommige andere garages in het Stadshart: kom je met een kinderwagen, een rollator of straks met volle boodschappentassen terug, dan hoef je geen trap of hellingbaan te nemen. De garage is ook toegankelijk voor rolstoelgebruikers.  Vanaf de uitgang loop je in twee minuten naar de Promenade en de winkels van Stadshart Zoetermeer.   Twee uur gratis, daarna € 3 per uur De eerste twee uur parkeer je gratis. Voor de wekelijkse boodschappen, de drogist en de bakker betaal je hier dus niets. Blijf je langer hangen — een terras, een bioscoopmiddag of een dag werken in het centrum — dan is het € 3 per uur met een maximum van € 15 voor een hele dag. Betalen kan met pin en creditcard.   Laden terwijl je shopt De garage heeft laadpunten voor elektrische auto's. Voor wie elektrisch rijdt is dat een efficiënte combinatie: je zet je auto aan de lader, doet je boodschappen in het Stadshart en rijdt met meer kilometers weer weg. Kom je speciaal om te laden, dan is het slim buiten de koopavond en de zaterdagmiddag te komen — dan zijn de laadplekken het snelst bezet.   Voor je komt: hoogte en inrijtijden De doorrijhoogte is 1,90 meter. Rijd je een SUV, een hogere stationwagen of heb je een dakkoffer of fietsendrager, kies dan P1 Belgielaan of P2 Onderlangs met 2,00 meter.  Inrijden kan van maandag tot en met donderdag en in het weekend tot 19.00 uur, en op vrijdag tot 21.00 uur. Uitrijden kan altijd. Kom je 's avonds later aan, gebruik dan een van de 24-uursgarages in het Stadshart.  Voor vaste gebruikers: € 271,31 per maand voor 24/7-toegang, € 212,57 per maand voor kantoor of winkel en € 12,31 per maand voor een extra pas.",Ingang van parkeergarage P5 aan de Amsterdamstraat in Stadshart Zoetermeer,Overdekte parkeergarage met lift bij P5 Amsterdamstraat in Zoetermeer,"V: Tot hoe laat kan ik inrijden? A: Maandag tot en met donderdag tot 19.00 uur, vrijdag tot 21.00 uur en in het weekend tot 19.00 uur. Uitrijden kan 24 uur per dag.  V: Wat is de doorrijhoogte? A: 1,90 meter. Rijd je hoger, kies dan P1 Belgielaan of P2 Onderlangs met 2,00 meter.  V: Zijn de eerste twee uur gratis? A: Ja. Daarna € 3 per uur, met een maximum van € 15 per dag.  V: Kan ik hier elektrisch laden? A: Ja, er zijn laadpunten voor elektrische auto's aanwezig.",Stadspagina Parkeren Zoetermeer Parking P4 Luxemburglaan Abonnementen,291,374
119,Zoetermeer,Parking P8 Nederlandlaan,https://parkingyou.nl/nl/locaties/parking-p8-nederlandlaan/id=119,Grootste garage van Stadshart,Parkeren Stadshart Zoetermeer: 659 plekken \,ParkingYou,55,"De grootste garage van Stadshart Zoetermeer: 659 overdekte plaatsen aan de Nederlandlaan. Eerste twee uur gratis, daarna € 3 per uur, dagtarief € 15.",149,Parkeren bij P8 Nederlandlaan in Stadshart Zoetermeer,De grootste garage van het Stadshart Eerste twee uur gratis Let op de inrijtijden Abonnementen en praktische informatie,"De grootste garage van het Stadshart Parking P8 aan de Nederlandlaan 44 is met 659 plaatsen de ruimste garage van Stadshart Zoetermeer. Op een koopavond of een drukke zaterdag is dat precies wat je zoekt: waar de kleinere garages in het Stadshart vol kunnen lopen, vind je hier bijna altijd nog plek zonder rondjes te rijden.  Je staat overdekt en loopt in twee minuten naar het Stadshart met de Promenade en de winkels. Betalen kan met pin en creditcard.   Eerste twee uur gratis De eerste twee uur parkeer je hier gratis. Voor een boodschap, een knipbeurt of een kop koffie in het Stadshart betaal je dus niets. Blijf je langer, dan is het tarief € 3 per uur, met een maximum van € 15 voor een hele dag. Wie een middag gaat shoppen en binnen de twee uur blijft, komt hier dus gratis vandaan.   Let op de inrijtijden Deze garage heeft beperkte inrijtijden: je kunt naar binnen tussen 07.00 en 22.30 uur. Uitrijden kan wel 24 uur per dag, dus als je 's avonds later klaar bent, kom je gewoon bij je auto. Wil je juist ook laat kunnen inrijden, kijk dan naar P9 Duitslandlaan, P2 Bovenlangs, P2 Onderlangs of P4 Luxemburglaan — die zijn de klok rond toegankelijk.   Abonnementen en praktische informatie De doorrijhoogte is 2 meter. Voor wie hier vast staat zijn er drie abonnementen: € 271,31 per maand voor 24/7-toegang, en € 212,57 per maand voor kantoor- of winkelgebruik. Een extra abonnementspas kost € 12,31 per maand. Het winkelabonnement is uitsluitend beschikbaar voor winkeliers in het Stadshart.",Ingang van parkeergarage P8 aan de Nederlandlaan in Stadshart Zoetermeer,Overdekte parkeergarage met 659 plaatsen in het Stadshart van Zoetermeer,"V: Zijn de eerste twee uur gratis? A: Ja. Daarna betaal je € 3 per uur, met een maximum van € 15 per dag.  V: Tot hoe laat kan ik inrijden? A: Inrijden kan tussen 07.00 en 22.30 uur. Uitrijden kan 24 uur per dag.  V: Hoeveel plaatsen heeft P8? A: 659 overdekte plaatsen — de grootste garage van Stadshart Zoetermeer.  V: Wie kan een winkelabonnement afnemen? A: Alleen winkeliers in het Stadshart. Voor anderen is er het 24/7- of kantoorabonnement.",Stadspagina Parkeren Zoetermeer Parking P9 Duitslandlaan Abonnementen,242,315
121,Zoetermeer,Parking P9 Duitslandlaan,https://parkingyou.nl/nl/locaties/parking-p9-duitslandlaan/id=121,24/7 met lift,Parkeren P9 Duitslandlaan Zoetermeer: 24/7 open \,ParkingYou,60,"Overdekt parkeren aan de Duitslandlaan in Stadshart Zoetermeer, dag en nacht toegankelijk met lift. Eerste twee uur gratis, dagtarief € 15, 582 plaatsen.",153,Parkeren bij P9 Duitslandlaan in Stadshart Zoetermeer,Dag en nacht in- en uitrijden Eerste twee uur gratis Met de lift direct het Stadshart in Abonnementen en praktische informatie,"Dag en nacht in- en uitrijden Parking P9 aan de Duitslandlaan 15 is een van de garages in Stadshart Zoetermeer waar je 24 uur per dag naar binnen én naar buiten kunt. Verschillende andere garages in het Stadshart hebben beperkte inrijtijden; hier heb je daar geen last van. Ga je 's avonds naar de film, uit eten, of moet je vroeg in de ochtend weg, dan is dit de garage waar je zonder nadenken terechtkunt.  Met 582 overdekte plaatsen is dit ook een van de ruimere garages van het Stadshart.   Eerste twee uur gratis De eerste twee uur zijn gratis. Daarna betaal je € 3 per uur, met een maximumdagtarief van € 15. Voor een korte boodschap of een terrasje in het Stadshart betaal je hier dus niets, en ook voor een langere dag blijft het overzichtelijk. Betalen kan met pin en creditcard.   Met de lift direct het Stadshart in De garage heeft een lift, wat prettig is als je met boodschappen, een kinderwagen of een rollator loopt. Vanaf de uitgang sta je in twee minuten in het Stadshart, bij de Promenade en de winkels.   Abonnementen en praktische informatie De doorrijhoogte is 2 meter. Rijd je hoger, kijk dan naar P2 Middenwaard in Heerhugowaard of een van onze garages met meer ruimte — binnen het Stadshart zit je overal rond de 1,90 tot 2,00 meter.  Voor vaste gebruikers zijn er drie abonnementen: € 271,31 per maand voor 24/7-toegang en € 212,57 per maand voor kantoor of winkel. Een extra abonnementspas kost € 12,31 per maand. Het winkelabonnement is voorbehouden aan winkeliers in het Stadshart.",Ingang van parkeergarage P9 aan de Duitslandlaan in Stadshart Zoetermeer,Lift in de overdekte parkeergarage P9 in het Stadshart van Zoetermeer,"V: Is P9 dag en nacht open? A: Ja, in- en uitrijden kan 24 uur per dag. Dat geldt niet voor alle garages in het Stadshart.  V: Wat kost parkeren? A: De eerste twee uur zijn gratis. Daarna € 3 per uur, met een maximum van € 15 per dag.  V: Is er een lift? A: Ja, de garage heeft een lift. Handig met boodschappen, een kinderwagen of een rollator.  V: Wat is de doorrijhoogte? A: 2 meter.",Stadspagina Parkeren Zoetermeer Parking P8 Nederlandlaan Abonnementen,243,313
